bottle,fill_level_grams_blue,fill_level_grams_green,fill_level_grams_red,vibration_index_blue,vibration_index_green,vibration_index_red,final_weight
80582703.0,,322.8306544886186,,,164.14769046491904,,27.92251860979773
80582705.0,837.7749692357812,310.22413228195194,,-22.89519898320682,159.0033359140122,,27.87802247192332
80582707.0,838.0236813728216,297.8871956770925,172.04724943747877,-26.50638639515692,157.83126045694624,81.04912751664745,27.58571386534721
80582709.0,837.7626256128864,285.190391742998,165.30253303478267,-18.5330698875617,158.64241633377796,80.63684358760781,28.36839389341119
80582711.0,837.9016652270923,272.16133428422063,158.16621450398034,-25.25040715759969,164.73205030007276,83.30183581055765,28.73722755484232
80582713.0,838.6046498709418,259.5799593972678,150.96760928775802,-30.878961282684703,167.512543474659,76.89113700574393,27.691177761084887
80582715.0,838.7423418696244,247.52332702160987,144.02559125757068,-26.969118130803206,159.03536154196644,80.237045734394,27.044977421429145
80582717.0,838.7535980469704,235.55961260452167,137.5063655885982,-23.42826981200192,162.41083207996607,79.65197056142598,28.057822011761488
80582719.0,838.8445914794743,223.5639662372408,130.5760624349152,-21.41929768808829,160.8416888524882,82.39811574712203,27.723758820502606
80582721.0,839.2647544194712,210.9510846543693,123.78496586429172,-29.11836645991719,164.96134384270383,82.31582271662336,28.319899095465715
80582723.0,839.4503088087974,198.38282353152275,116.49446113674756,-25.184609998705824,157.52310770665738,89.73068092462596,27.943998742770027
80582725.0,839.1940659564482,186.06126394227056,110.19423854641644,-18.190159350282972,160.5279995145495,80.4322517123699,27.97303016751809
80582727.0,839.206403889521,174.49993543301434,102.82827739283115,-22.33697508307371,157.95718234314,90.30513442401252,28.432076688359068
80582729.0,838.833108934477,162.7342989003659,96.26292544986016,-16.888565858018943,154.62316248511542,79.4911643056734,27.7846421395358
80582731.0,838.6590244247426,150.31699989791784,89.76879776365348,-20.092088993160537,157.56369236475777,78.49273462002697,27.67925645625879
80582733.0,838.7218204023261,138.00039171167262,82.88888066075137,-25.141867132937985,159.17810682312447,79.27281642941463,27.911763099123903
80582735.0,838.623031754081,125.2851001592489,75.90289519927714,-22.096308766297177,165.79319717979183,77.71061506655252,28.290284826825467
80582737.0,838.4667117513856,114.01120868985338,68.35787656057192,-19.885591856767054,152.4887796239944,87.64809166814793,27.85532021940547
80582739.0,838.5862572087304,102.28569075597052,61.38355036467931,-25.90053173113833,159.26637511046306,79.62822041398604,27.69061429569998
80582741.0,838.8206713761838,89.96389710825959,54.03379563395002,-24.45233736171374,158.0696639131773,85.41088603730746,28.08358705063582
80582743.0,839.0732665713399,77.00900831650127,46.9917465442457,-28.403271961876985,164.51695755514794,82.26725171091381,28.041712142973417
80582745.0,839.5137208572568,65.21644343074033,39.857034101414726,-28.90236513415507,156.46310922605235,83.1009407383034,27.23101168122473
80582747.0,838.7965117540654,52.355566517696985,32.80891409410243,-10.981292421318448,166.9365877074225,80.45434854862069,29.720428953959043
80582749.0,838.7453269435556,40.91605057858517,25.878875180997003,-24.90998625803271,153.69549962342444,77.3873636511822,26.82520995535768
80582751.0,839.3654146834615,28.653476192855425,18.94283852672561,-32.71965378975021,165.1573299856351,83.85791557326493,27.39761458541927
80582753.0,839.1920543620992,16.922455084487865,12.478259550146714,-18.706176955839545,157.99059178527813,75.18636345562031,27.61335950037327
80582755.0,839.0875308253123,0.0,5.504148111274428,-21.991872843387,-15.733636124306472,77.8033485476887,10.023810822914818
80582757.0,838.6595650086831,0.0,0.0,-18.91034504086041,-17.214038258022796,-20.02877908434192,0.6170507017634161
80582759.0,838.4673749620962,0.0,0.0,-20.861932084107416,-23.176277939806734,-21.760234903908668,0.2711195902654092
80582761.0,838.849967217272,0.0,0.0,-30.402876569926544,-16.882968496454424,-16.10673263492336,-0.5514383002040752
80582763.0,838.2154191677062,0.0,0.0,-12.61093688746598,-18.638465726747725,-17.11944916074428,0.8975950743221045
80582765.0,837.8250423024012,0.0,0.0,-15.702118798972544,-19.2828563061135,-18.936831734978085,0.5792301660992027
80582767.0,837.8689554747717,0.0,0.0,-26.079923559631133,-19.45953936600766,-19.001846805914937,-0.0652447511126179
80582769.0,838.1078903110966,0.0,0.0,-24.047018910945614,-17.21781213127815,-18.214637166269128,-0.3354030096824617
80582771.0,838.2565060239918,0.0,0.0,-28.67924640712247,-15.905215674991268,-19.77746216507562,-0.2234740439182883
80582773.0,838.7558557566284,0.0,0.0,-30.11814599782865,-13.856994003062162,-16.570640739177975,-0.6911106645177469
80582775.0,839.0347932705357,0.0,793.3282213102261,-25.402579107696013,-16.515610944610472,76.84323974626871,9.617924168471973
80582777.0,839.0121874087038,0.0,785.8842487839298,-23.07490440694182,-17.23379124606201,83.76552171734214,10.758118028612692
80582779.0,838.17635710891,0.0,779.1822242984485,-11.163478568178576,-15.5514833809805,75.74876247410312,10.843874937216848
80582781.0,837.9386622449537,0.0,772.5052095453182,-19.792387290225108,-21.80245420650695,77.86998291350857,10.351990832944487
80582783.0,837.8014960006751,0.0,765.7990361067942,-20.62512988525536,-16.51308554388315,74.33981615787144,10.010905774466895
80582785.0,837.6284530668272,0.0,758.8732061060376,-22.65371246888628,-15.89285160426246,74.42098945324568,10.153504034475656
80582787.0,837.1776430323114,0.0,751.8140561353463,-18.07378361800218,-21.01532751524165,77.62589934523582,10.606858594878185
80582789.0,836.986313141552,0.0,745.3959213599715,-18.063047913851825,-15.72632664506284,70.55704777219883,9.664745470131688
80582791.0,836.724752540968,0.0,738.3509591850122,-20.62951373026131,-20.948702857689767,81.00430385389558,10.509066623394604
80582793.0,836.608040161778,0.0,731.759794476605,-19.043173820067715,-17.738549482111566,75.96259390153105,10.082235475843106
80582795.0,836.8569489349688,0.0,724.8700003961737,-24.52412395899564,-21.16329047722533,76.97823548817527,9.533122761613487
80582797.0,836.9620199820591,0.0,718.1721656992297,-23.1325472891104,-20.854380508465752,79.63997929177918,9.624292300005646
80582799.0,836.8677716972953,0.0,711.3335036385832,-22.065706262091577,-19.303109962754803,83.99725953405385,10.727736300000748
80582801.0,836.7230538567524,0.0,704.3722582698218,-19.84093984218027,-16.37425166505824,82.93114461403869,10.397396957186954
80582803.0,836.0816580095471,0.0,697.474677023112,-13.32653115320613,-17.735251802289667,82.89434801440802,11.488350668297358
80582805.0,836.3472234818037,0.0,690.6446935742729,-27.592411446705803,-21.008413092187894,75.82031281104688,9.506585069341751
80582807.0,836.2470868118999,0.0,682.9641621194912,-18.0955595898809,-18.24533444707245,90.460484502919,11.169303474006398
80582809.0,836.3873877034906,0.0,676.2444149063108,-24.03397600977144,-19.628037682644376,80.51264985276882,9.90881651810393
80582811.0,836.0968465573662,0.0,669.4231374997236,-16.961109957301648,-16.92568292920579,80.25336118911832,10.558572982337052
80582813.0,836.161799621703,0.0,662.5176916856763,-23.19729125163847,-17.900079802535416,83.91136593893302,10.10413239753806
80582815.0,836.3613680504476,0.0,656.1836187262708,-26.693207183578615,-15.206933619323848,77.35102797524968,9.483673912600496
80582817.0,836.387741618762,0.0,649.3608467014188,-24.816352916506847,-17.76572465665572,80.86045032729899,10.124473991603471
80582819.0,836.6036396688788,0.0,642.918931412173,-26.421094187658696,-20.24284933557857,75.03075327914131,9.233936639242192
80582821.0,836.6989167831975,0.0,636.6118392067857,-26.80441146094659,-14.570911041079242,69.01147079180616,9.252402652712489
80582823.0,836.627057655163,0.0,629.3145955795935,-24.69850093438101,-17.94377210163205,82.99953993905473,10.277333266843758
80582825.0,836.4439789918027,0.0,622.6968579226468,-18.51271948367672,-19.62049280620039,84.40908819579576,10.341126881930284
80582827.0,836.3734279891063,0.0,616.4527830268305,-19.459206439196468,-20.90188215091889,77.85079992525095,9.96521077402356
80582829.0,836.2997268703971,0.0,610.2356411656309,-20.56144477619197,-17.428935211565786,67.21399621097365,9.299323025463105
80582831.0,835.7581167511685,787.5917502702147,602.420319220436,-11.710112744425931,163.99161929944307,89.70375247332726,30.117126719842112
80582833.0,835.7396586205092,775.8983274744853,595.291490749724,-25.35602988804951,151.964145323158,83.92730112281583,28.455750404846818
80582835.0,835.8640303591563,762.7692102532739,587.7871000589954,-23.62028974549591,162.86197970527925,84.66008529862202,28.948292796846893
80582837.0,835.9856804175976,750.7860713593985,580.4443051216092,-27.18521966442451,153.94217786651362,80.9542743106163,28.090934828072413
80582839.0,835.8130969005651,738.4260383319695,573.4781637987155,-18.03567970678024,159.27422408428558,76.21785891325779,27.87514910543026
80582841.0,835.6307128895136,726.2515126849347,566.5064051263156,-21.247046622512208,161.44608811924186,85.92186099582867,28.753327151135963
80582843.0,835.5493074061076,714.3744057423565,559.811466230595,-19.79349779946676,159.16331466396656,82.30127025072525,28.50080697820373
80582845.0,835.3535519048419,701.7494842616429,553.0329024504897,-23.101549224097,158.0495920423129,78.08565670670875,28.695146878015105
80582847.0,835.9307727157914,688.6424090362882,546.3599633441027,-29.77091586713907,163.04336671329742,73.69964947800413,27.08886350209261
80582849.0,835.8454212740348,676.1322112064813,539.7360169775181,-19.795752832003657,162.19232328496895,76.26415644029602,28.298914104182096
80582851.0,835.8857332428989,664.3701521668421,532.8820057019059,-21.556353447251777,148.06219646510206,81.20033887428288,27.02464793488724
80582853.0,835.9000756764291,652.1113820014674,526.2214525319232,-21.78885030684749,156.71169847302542,78.83509361425902,27.771814404873084
80582855.0,835.9886633660986,639.5244417047478,519.4627239188579,-19.58631161841887,162.9037528679469,78.37271969619201,28.20675525126761
80582857.0,835.588297723817,627.1686905865964,512.7037206001074,-19.581746768961104,153.9166219538278,75.14425988472884,28.67100035458105
80582859.0,835.4949763923485,613.4325681723976,505.6460248150891,-20.40002784413036,160.61384618680293,75.55015869580002,28.50795818014132
80582861.0,835.7869881227674,600.7442993307857,498.86236324992433,-28.22323706606073,156.72546027009687,74.291458001935,26.952527060533832
80582863.0,836.0830220483173,588.3812033068006,491.5362843889216,-26.249334587410814,156.60898256336816,86.372874887468,28.3048331003083
80582865.0,836.2367317723061,575.2547755006475,484.8910159930928,-24.353561161544174,162.8443094016759,76.99136636827296,27.952383926715825
80582867.0,836.3247626268924,562.8254905580293,478.20683797389415,-22.049817939815917,164.27595059839138,74.22918496508294,28.01911558769212
80582869.0,836.1028143565516,550.3466345424072,471.5173023005575,-19.278100828606316,158.52054803503222,75.79088242948171,28.21357199141436
80582871.0,835.8197445473052,537.5717396704649,464.7039785304146,-20.433192518129573,156.9399208601373,76.83255482362088,28.36582302290406
80582873.0,835.7419153023343,524.6888882213316,458.1169371778696,-18.71529582175152,165.88194620869024,67.61248937914642,27.800975020556216
80582875.0,835.6406087007246,512.8184119639785,450.8385424770461,-21.79337792770434,161.64772569424775,81.5215365883933,28.316808197193147
80582877.0,836.0584783497949,500.2393184142013,444.4407630213892,-28.02584613741584,165.06407704292027,74.88432156839187,27.598690332561823
80582879.0,835.7868711647043,488.3501879779998,436.9001869761655,-16.920419112669624,157.33270607370105,88.86528748010875,28.925217052107865
80582881.0,835.664143471474,475.9457806745598,430.49354845549135,-18.234223181781704,160.26790642954066,83.22511036671135,27.942209509839955
80582883.0,835.775992338482,464.0667843044397,424.40235775778245,-27.043103924642736,155.33202699036346,78.42731396930891,27.31376353466031
80582885.0,835.6653225573485,451.9019546097874,417.3185750822853,-23.05718234472624,152.1679862335144,87.77669338024532,28.1602514200687
80582887.0,835.5181996873129,439.51679504535065,411.1624211348162,-17.102223865282514,157.32656274495628,74.19143713804543,27.35272096192204
80582889.0,834.8363435203368,427.16401769603567,405.0483173433387,-11.949684281552171,158.1023193460602,73.80224215170239,28.07686649537183
80582891.0,835.005635712108,414.6342526068131,398.2282674131157,-25.464744874489107,163.96410886223015,83.25797002482794,28.50080740818468
80582893.0,835.1620375604099,402.4137092390187,391.5397216795685,-23.906915489212903,159.07430097861553,78.00109619293289,27.46342104763969
80582895.0,835.1433910011989,391.0267634210648,384.3128848623136,-21.61062434228772,157.38976174685126,86.07198378669256,27.55378622795861
80582897.0,834.4141362790995,379.8562941325576,378.0563159203859,-13.492598688088885,161.07953616723222,73.5998021203155,28.659863383332976
80582899.0,834.324890709085,367.38559713958233,371.10276554792176,-16.159537895233953,164.82766684715287,81.34288211257775,28.41209232019306
80582901.0,833.9824136011596,355.7185286119885,364.3778031178634,-15.45331331296211,158.38712506473024,75.40348350331982,28.3867781727509
80582903.0,834.2486206799433,343.352162474037,357.4416644570052,-26.24187377621122,158.37967980371727,81.20317350732792,27.09671876342093
80582905.0,834.168283125343,330.5797615608297,350.5739442949239,-20.58858817540649,169.17279097243917,86.52302380392136,29.64772908610124
80582907.0,834.118779128622,318.5696331875313,343.7655396365906,-22.014300294030427,163.7311773977774,76.77343553795954,27.855805851346226
80582909.0,833.8607840797896,307.32733967164023,336.6538958148322,-14.458339492658911,152.16328477804765,82.22486767293043,28.06134213882841
80582911.0,834.4429800548664,294.68410958415785,330.0703717519132,-29.839479454645293,159.08693310870984,78.58498967647208,26.53217100887205
80582913.0,834.3013371284777,282.0139269951012,323.4647576064878,-19.647823982195955,168.80608217231477,82.40864583025638,29.01242146824184
80582915.0,834.5396027865726,269.77163051966875,317.0870708190628,-25.729191880749536,162.09958653207732,76.64326912301857,27.31391059844076
80582917.0,835.0897140331532,258.3698846237896,310.1684303142946,-29.64251699965719,152.3246071648063,84.64580696888048,26.524393036882387
80582919.0,834.9252499684218,245.83663438833432,303.8380432370281,-23.161879553535336,157.70991807207238,81.11176304185331,28.13768242097744
80582921.0,834.6428181469847,233.24661151480456,297.0507866741787,-18.4026164453969,159.72545847306574,82.54447489722457,28.38574264555515
80582923.0,834.5409235405697,221.12377199895968,290.27843909145463,-22.294073281748016,160.7086023138326,80.12719638016007,28.17743749203148
80582925.0,834.6316939565501,208.9297679110743,283.7024095625587,-23.78085699083924,157.77520111715407,76.1349188767326,27.2855951874084
80582927.0,834.6487413388112,196.33051982070845,277.4087682627843,-24.26604216052886,162.6751005029264,70.35940336419311,27.362786252532743
80582929.0,834.8495679150509,183.67014238357493,270.5045218209433,-28.15040017773418,168.2107124044384,75.52876789499338,28.06089826491926
80582931.0,834.8239479567034,172.0884407678984,263.2911540575975,-23.24115106409505,160.37325589612837,83.4304625741323,27.71697564475757
80582933.0,834.6026789404297,160.21085871021634,256.8621193122754,-20.50498857275399,163.23051072673042,78.0584614294893,28.34449838898724
80582935.0,834.4004979445997,148.1395969505655,249.90811259725484,-20.27237716362221,157.34961315331518,78.63617557433525,28.09212452342087
80582937.0,834.4363834050488,136.3781240002126,242.45158031198903,-24.95650158874353,153.86059286032724,82.92581156839563,27.555502200388773
80582939.0,833.9277916051194,124.3193201537167,235.34673148785748,-13.232727388086904,162.59131378796033,81.48517614179028,28.75457545225663
80582941.0,833.8301232368292,112.2532407589827,228.52859631264155,-19.856755030784274,167.7920075757956,80.7468037626611,28.46635321696777
80582943.0,834.3202203128855,100.73621940887072,221.8049572814067,-24.92253425985472,157.17667214644666,82.67096657050111,26.76398365685044
80582945.0,834.1605513440743,88.68000767212759,215.4279537524156,-19.7110413373502,161.90327803984857,77.19854449841435,27.85970130525914
80582947.0,834.6853784610446,76.45563012211831,208.4461597181925,-30.000797696920948,158.09315943852792,86.77686901934077,27.550552125944925
80582949.0,834.6937146531001,63.78954607822751,202.24543724294176,-20.32585505028741,154.56861730181816,72.56761230294887,27.214751460055368
80582951.0,834.698219436874,50.54779103765809,195.37940743674625,-22.67068349950556,163.2422595445059,74.89215587892429,27.82164582912824
80582953.0,834.8798777459365,38.67639837511481,188.1460412320914,-22.914899602189102,157.34948525139038,84.57218165391473,27.42433848220965
80582955.0,834.902054878459,26.66882855878697,181.1312451143112,-24.01034774836522,159.6111804197334,86.6258383404531,28.301328645240083
80582957.0,834.7154907691252,14.124004791385342,173.9554243617892,-17.335846748889587,169.74990674067018,86.26476400683151,29.325939624965933
80582959.0,834.5207327987032,0.0,167.23674446712354,-20.30414448885639,-20.88267586419028,81.43765966787007,10.262527343210676
80582961.0,834.6916231167619,0.0,160.5850041230929,-24.77438655849125,-18.828207302793487,78.16411529776404,9.622629594475113
80582963.0,834.699474337815,0.0,153.53434774418645,-21.76707804275557,-18.051272596870064,86.66679663028953,10.099447654623908
80582965.0,834.7769808036991,0.0,147.27241235964593,-25.55679501208613,-20.343843260166608,77.48434520324398,9.719313335824758
80582967.0,834.7138512917778,0.0,140.4098478095394,-20.762535963878715,-18.298263990176125,79.65734010833972,9.87662532308533
80582969.0,834.5711643195541,0.0,133.74364328783489,-19.53745783746251,-15.197122418433452,78.5572438879696,10.086111259286149
80582971.0,834.5197845944614,0.0,126.939688989753,-22.692254791885937,-12.006211659007365,75.3283653597064,9.863062888001169
80582973.0,834.6580751617291,0.0,120.07323176269198,-24.228224402666743,-18.823219285846164,74.80080267473595,9.349585849803514
80582975.0,835.0793071345458,0.0,112.53886374851734,-28.716170728137485,-16.64813802330019,89.5603312962529,10.130520869974484
80582977.0,835.2643238567517,0.0,105.73358939194492,-26.46147655914086,-19.80078450927934,84.66067337259233,9.830446298523892
80582979.0,835.329239464211,0.0,99.2558571374192,-22.592382485138813,-16.331172886557738,77.23791819477705,9.747994537340851
80582981.0,835.5789598645574,0.0,92.56374159679828,-25.66849302890399,-17.516030731816315,78.85820739928855,9.098307235922965
80582983.0,835.9705636339569,0.0,86.31250714962182,-28.46704011437011,-19.80412946974401,79.31807797576646,8.986267448411928
80582985.0,835.4996548565017,800.0,79.66639722703512,-12.64984963943827,-22.41392875296677,83.22850980029314,10.77406662073344
80582987.0,835.3446441780728,787.6751060878628,73.16729897356713,-20.32109296751305,159.4698025851225,79.68694782198031,27.917879357219302
80582989.0,835.5883589614689,775.5389798463797,66.1670703427324,-23.510528975058243,159.09191188486787,85.36278079789791,28.338025173988484
80582991.0,835.6602842122008,763.0254529057304,59.34094202021471,-24.824802707400043,158.1324664419701,78.72747068796868,27.896712005077784
80582993.0,835.4402613083055,750.6264830255973,51.99277740612497,-16.618415170242088,153.66557141832672,85.53593539105366,28.688029492689967
80582995.0,834.9724813462435,738.3412858094869,44.924023360397634,-14.386070546924604,151.47522048000613,83.94947956869542,28.25835004885481
80582997.0,835.0452638986179,725.7221490449513,38.15833893884668,-23.900190261472613,160.42611822587344,84.12416207350623,28.19429636581055
80582999.0,834.7698301935912,713.780817274533,31.54911472127973,-21.46025526236293,157.30076537323785,81.70581568221411,27.964607524455232
80583001.0,835.2915486767166,701.9696375968629,25.023306160346884,-24.179778232323976,157.82360730298117,79.77036404359089,26.830729976404054
80583003.0,835.4800444552608,689.8305881084234,18.146902981988617,-24.661050919914985,164.00728447015646,82.78347979081667,28.18916343806197
80583005.0,835.1380179567228,677.1913802723642,11.224613947449498,-17.898090991889454,166.13920335905422,83.43353217052945,29.56790436239432
80583007.0,835.3223468934044,664.8389938283254,4.326559507974756,-24.378553373118194,160.2979101335253,80.32558072952071,27.801878405646903
80583009.0,835.1729207234615,653.2169893741517,0.0,-21.15800334967849,148.3359436642175,-17.89104119387909,17.343088822150072
80583011.0,834.6551263673455,640.3246882990313,0.0,-14.615913521211247,162.12729336595328,-18.070420999944687,19.267508056522228
80583013.0,834.7793182101951,627.6236273054833,0.0,-24.04854127706396,158.65675050896817,-16.19478889133147,17.997103478050043
80583015.0,834.6797340208711,615.122559976743,0.0,-21.083541172868223,160.54312826192182,-19.06697990511448,18.00386391746716
80583017.0,834.627608251819,603.6590107844667,0.0,-25.07500958936427,157.91100644775037,-20.470751226446367,17.724298230857002
80583019.0,834.8950394182916,591.6189801052622,0.0,-24.899561274985903,162.96526822193997,-20.055612402158744,17.994164442840937
80583021.0,835.2529516929345,579.836899916929,0.0,-28.681022497210677,152.56324668763034,-18.290482403145703,16.85627251407884
80583023.0,835.2282667149859,567.728664066139,0.0,-21.513720411853857,158.0173975331819,-17.57830416746978,17.726721416427033
80583025.0,835.384323675918,555.9767426699277,0.0,-27.055496601489423,158.1169524099127,-19.922631938424686,17.560783832475035
80583027.0,835.7709491511104,544.1327790738492,0.0,-25.54642352236021,154.8433214777386,-17.831273115726205,17.12541848904165
80583029.0,835.8055315955797,532.0086029122574,0.0,-21.643919999536752,152.93280989339425,-20.65084150818251,17.47596489671367
80583031.0,835.9474184512223,519.5050233210134,0.0,-23.80025109217721,155.84293358985028,-20.38090549156449,17.729325895347646
80583033.0,835.9031559239222,506.51235692460233,0.0,-24.82386141866365,162.86022185349157,-16.5014593162672,18.3722167765659
80583035.0,835.9824097350096,494.218016282314,0.0,-21.699831588953344,159.13888166725306,-17.967945567535025,18.05594567414877
80583037.0,836.2905293933209,481.2712028753774,0.0,-25.72568397536776,162.87980407989227,-17.34331794116153,18.01535712390349
80583039.0,836.9052156239578,468.61630594354153,0.0,-32.12125873457379,163.34349595839512,-17.813184501890944,17.287850889791926
80583041.0,836.7796795874646,456.5262808437702,0.0,-23.67395187915556,158.3935409411886,-18.993295863578027,18.39610487412296
80583043.0,837.2127309938684,443.5971044832326,0.0,-26.367017980179305,161.72307250521146,-16.74817467068476,17.485941936480575
80583045.0,837.0754724614912,431.8631845064239,793.7018359523312,-19.00483863445712,156.5158573944734,70.50757765447366,27.159094095862656
80583047.0,837.647370169042,420.0491246172044,786.6955130200112,-30.36229037169548,160.68506931206508,75.00687881098669,26.941369256452795
80583049.0,837.7595278455586,408.0858963103966,779.5886168890104,-22.598112526165337,163.1009056263291,77.29574489559042,28.227472058262457
80583051.0,837.3414612736404,395.5630088568285,772.5101512145628,-18.51385519037583,161.27076710705003,81.32037600891937,29.0780105565003
80583053.0,837.7098805610402,382.8831366525079,765.7804717261371,-26.492336177028392,169.92843750015462,78.9892330923149,28.02686468093775
80583055.0,837.177943195587,371.3510070533866,758.9792804010503,-14.23468791147782,155.90605994265346,83.30292382232493,28.86647560848836
80583057.0,837.3798754162557,358.8703873867557,752.4063382899384,-26.341863634433963,158.95104199012215,76.29333442351155,27.54708258885076
80583059.0,837.2666390624751,346.30459704450544,745.3901478739473,-19.735806826828075,164.45125609930577,78.26800175072802,28.66260152551794
80583061.0,837.2142678643628,334.4100096352656,738.705311164056,-23.858321539496828,158.72634758177256,70.87021284686377,27.35472035096224
80583063.0,837.4963368334381,322.2471065448919,731.4443896058731,-26.748839946227008,160.35987292916028,81.31168787089634,28.134284498783707
80583065.0,837.5109901475412,309.40267679918554,724.8752012005435,-24.12381253426256,152.60479678112867,76.55553991066108,27.691341943950256
80583067.0,837.4844550115415,296.6807799391793,717.9748674093125,-21.321873268661506,153.57768551920387,75.58819180968112,27.281221544049476
80583069.0,837.4002551360404,284.3864076152578,710.3860531244954,-19.156177725316105,163.35056887855882,82.47093396645472,29.083161688858805
80583071.0,837.1421988404034,272.0893216225637,702.8496297350763,-18.42811364472724,162.84602304269194,89.33844407407761,29.168939881223366
80583073.0,837.059124894737,260.1218482359634,696.6344105687691,-20.23259237701521,155.7566437168324,76.11749149180295,27.654895239771967
80583075.0,837.0886382014465,247.37953968874385,690.063522870594,-15.105793641679035,161.24133002907843,75.5899464862324,27.7768156751363
80583077.0,837.0557713997305,234.48874502792955,683.1962311254927,-19.590411101545623,162.51813156292206,81.1437655830376,28.704958977420414
80583079.0,836.731953991908,222.01820776308105,676.1145240444729,-18.54737995946069,162.39470107778172,80.11289697464846,28.79947100776284
80583081.0,837.0275453203501,209.7887934769104,668.895147861559,-25.733679328796647,161.57739499117474,80.40739736344817,28.22255045580836
80583083.0,837.0057272836132,197.95911376635655,661.7791633371568,-23.89726998097136,151.37546064295375,77.72817820024916,27.21821252327136
80583085.0,837.1384418886311,185.61169331771944,655.0006907201523,-19.416180914453893,156.46783316601417,78.25402022891555,27.365194683053517
80583087.0,837.5475677730119,172.51014558370363,648.5612190049014,-27.286323095263008,165.08719443577507,76.92792830179684,27.82329171395054
80583089.0,837.5311985156236,159.62334502020366,641.4386642066089,-20.587354680267755,160.30732260162193,88.44890102796923,28.53422100784946
80583091.0,837.4430336178982,147.09525050808125,634.9681932323444,-16.53385371665326,172.88192834243554,76.24934736493557,28.978324996041074
80583093.0,837.411105924996,134.59908091158206,628.3205770271352,-23.811090076449343,166.26130384669148,77.44521898925764,28.238678538487815
80583095.0,837.2248036328019,122.1657112118117,621.8060430720261,-20.22557643310882,168.5933350861167,76.01144019458714,28.66814237423452
80583097.0,837.0888033864638,109.294854444628,615.0282631007383,-22.319080635594982,166.46967619729813,79.41709745935688,28.916355848287587
80583099.0,837.0000327834929,97.15095317310274,607.7055879294367,-22.406813855812697,162.7197139073483,81.78841044243951,28.584784903637228
80583101.0,837.428602327356,85.43078216776082,600.702348353092,-26.89805536343256,153.58769445247248,78.70256270905075,26.896610523615426
80583103.0,837.6004395095664,73.02201436125313,593.6544459864976,-24.77506264838024,163.1507543899958,80.34101102680663,27.644019402190395
80583105.0,837.1010674137575,61.28548264387195,586.6051421152886,-18.830786914233173,164.2179379211315,80.46498042481662,29.373986316175472
80583107.0,837.02452965933,48.96552924976143,580.0542762796853,-18.896139153395477,161.16642145971645,71.6277799968617,27.505496348121632
80583109.0,837.0281591694371,36.27056771987535,572.9550239357551,-20.35751625633241,168.68710073982544,85.18297921006551,28.6176200145378
80583111.0,836.4375493299074,25.160583521631725,566.4206724649073,-16.40846699807504,155.08687945498366,79.40746243433156,28.27868083944476
80583113.0,836.7578023167614,12.50883663318183,559.7509636885566,-30.26582561109472,167.39917128760956,78.83190751865956,27.796093998561016
80583115.0,836.8847760000889,0.0,553.1679428172674,-23.95129556983644,-19.702358344696226,77.3658714185694,9.627215499634111
80583117.0,837.244622367074,0.0,546.644036262986,-29.03476934988464,-18.38990507050741,74.99037013550718,9.07684991132232
80583119.0,837.2773941676343,0.0,539.8706968613815,-23.631546459459813,-16.989044758857204,77.42536330846623,9.86451173687562
80583121.0,837.47921207458,0.0,533.2089440738994,-23.59047721717087,-17.261321460055044,74.51991167243604,9.363295791043166
80583123.0,837.5360318819633,0.0,526.0171799447668,-21.82617654272672,-14.419323369201024,84.8418656746633,10.281332770921365
80583125.0,837.5988102399344,0.0,519.2484773669826,-22.198741381536493,-17.316566033884612,81.8761879660533,10.131225621585427
80583127.0,837.5432157237589,0.0,512.8314199040951,-19.286804661488528,-20.365105447868388,76.64772949995358,9.55038962914151
80583129.0,837.686140211515,0.0,505.9753499049481,-24.2577612616425,-17.67235313995711,85.41597038997448,10.256391272767338
80583131.0,837.5508895580775,0.0,499.3941965782347,-20.65645562213164,-17.232397085355515,76.94510978107671,10.053284718427651
80583133.0,837.3025008323024,0.0,492.475664662891,-19.101308600798465,-15.410295774344675,77.7917454424637,10.375326830181455
80583135.0,837.4857139698026,0.0,485.6225093695992,-25.35648571991232,-17.45138220889858,75.96851316790577,9.54100845974801
80583137.0,838.0224038807156,0.0,478.5137688853629,-32.75723758759581,-18.903835658380785,83.49056126427999,9.417506869911662
80583139.0,838.2889322677152,0.0,472.01721154177005,-24.80610394572868,-17.23807544517726,75.9073034273247,9.44750783272828
80583141.0,838.1078525583024,0.0,464.89787150473575,-24.723993314377157,-16.315378216857184,81.7035334888584,10.444885431378555
80583143.0,838.5022454795396,0.0,458.3502247773512,-24.6985397972838,-17.954900255388623,79.19964081292677,9.131378339426869
80583145.0,838.1557001730183,800.0,452.2120656172544,-18.45040967369646,-28.26502524392316,72.25441626215284,9.945474938600473
80583147.0,837.8282259560103,786.2285802879345,445.4633723398373,-15.237885749809998,164.4047685925529,78.0220692312932,28.708178741964883
80583149.0,837.6190987490658,774.3001110774113,438.995264144874,-17.25702663226669,155.7859669582262,76.62295018334666,27.793913580797
80583151.0,837.3382472403418,761.8051122254337,432.3227591479686,-17.825599420918437,157.71081288488574,76.76503073616178,28.55637640366356
80583153.0,837.6292792385041,748.9148431143507,425.2430054055904,-27.697202006801312,157.46407201330564,81.77141290373258,27.760665415710168
80583155.0,837.5406765361043,736.2900154057493,418.45014024845307,-18.859863098053022,165.85843060927633,80.01407175620177,28.567476165440347
80583157.0,837.4720184587391,724.3711118390155,411.899519315226,-19.990691288388177,159.131773750033,79.13469250595443,27.965939975331047
80583159.0,837.2378514517331,712.52202830398,405.706730198676,-18.265326993630637,153.73564379126088,68.79524596130729,27.11207036355152
80583161.0,837.3333793943049,700.6962396888354,398.74068091876137,-23.66735356158526,152.80995104693403,75.85335912356557,26.994054338868928
80583163.0,837.7427826729001,688.6778292982328,392.0367426530853,-30.83365975491941,154.75015765705243,79.0750010711849,26.807629682825247
80583165.0,837.8784070724302,676.431956205358,385.646903195387,-21.11490791888928,152.9956668618382,80.54357591846788,27.199972791316085
80583167.0,838.2530603020725,663.8022751382149,379.37300025965584,-28.83545323037392,157.14989893625236,71.87847070782126,27.138496578649185
80583169.0,837.7539496688642,650.6942026812185,371.9382675499905,-17.58794738601501,161.57991651255915,81.83437619883475,29.56548903654277
80583171.0,838.0784712478414,638.2320552883061,365.35245905098697,-26.91165380983524,152.2031672786529,78.08928906486773,26.69256991616441
80583173.0,837.8797496943021,625.6813972999288,359.0573613563867,-18.72538576218945,155.54459366428674,79.2268963720485,27.622738660425973
80583175.0,837.5038144032076,612.960671157849,352.9889907035832,-15.358751588317478,164.42951470629615,73.3141805480112,28.49864035374523
80583177.0,837.8056633593048,600.4609754533283,346.3843050060828,-24.889824931266347,158.41887645085066,80.87773390175961,27.36540864747893
80583179.0,837.7360224937029,588.535501118954,339.3914658952512,-16.648567458464512,152.50562187551247,87.19516176005025,28.123910596646404
80583181.0,838.0660131276937,576.0113558586579,332.59632051443623,-26.11060823579718,164.11283938382337,80.22146979924932,27.987256277952014
80583183.0,838.2533278856549,563.8905325435792,325.9012897262763,-25.79900646468854,155.33224035748958,76.37126486058416,27.27478396199172
80583185.0,838.2594548762853,551.5389077387067,319.01550103024925,-21.7438386330262,160.4513991830968,77.00185849580593,27.785243152466112
80583187.0,838.5569948422363,539.3482944953939,312.2791819846049,-27.010923491963503,157.27368005106206,78.9945577566425,27.35460476822669
80583189.0,838.5083204538805,526.8304580952745,304.96808615249086,-21.9648065389558,161.01586101985868,88.64882331273644,28.908586659833244
80583191.0,838.369844499657,514.2550565212854,298.4027777212614,-21.28884753938341,162.45208906460024,79.73080167418388,28.55412957911032
80583193.0,838.1033143190118,501.71984156485206,291.7629807857296,-21.384485502767586,162.0304931111055,79.10984403996893,28.18869319543781
80583195.0,838.1103707159698,489.6930902148738,284.8836069216531,-23.435759207280217,160.70461541826364,80.65725708534751,28.60303887829662
80583197.0,837.8209585510109,477.16721222366255,278.20400217316194,-12.928854029213577,153.1901215000397,78.87933804465827,27.56316734293762
80583199.0,837.6661841853254,464.5515767073391,272.02457893163773,-18.365410387137413,160.58852624807727,71.56103316587735,27.732218680421067
80583201.0,837.8773881873437,451.9883009604157,264.5476151664737,-24.70941457799884,164.18667707790314,84.85422354752765,28.649138061652813
80583203.0,838.0620162654111,440.1644899108405,257.3436384654917,-23.965896807681418,154.37617712407322,88.42450771787802,27.601189495014037
80583205.0,838.3574127473526,427.87221174676,251.02470756011215,-25.753242455482464,159.99724621729996,77.18349537888176,27.37660583323317
80583207.0,837.9565088261685,415.7791489506625,243.99127603077596,-20.09531790526887,162.8872363168245,81.7075487726556,28.589135406629254
80583209.0,838.6122098494909,404.3757890686692,236.9624923747193,-30.165755501541717,155.45466394249098,86.04200877019676,27.105663404266416
80583211.0,838.8340647253349,392.0329127367374,230.28625166884692,-21.88539057486772,160.80899440643404,79.32150178268866,27.753805606468383
80583213.0,838.8151438239508,379.37047357597504,223.1204741419793,-19.056754518771367,162.19730741423615,87.55897555358548,28.75561981421744
80583215.0,838.5386878599061,367.0270056131535,216.71879849573253,-19.062119805023634,162.1804501126419,75.15622253023685,28.23184917653388
80583217.0,838.5381695422283,354.5754228552457,209.7329195982972,-20.058165589751496,161.28687521831105,79.75906771299951,28.303594183887142
80583219.0,838.8897846705336,342.0284650640153,202.9506635740332,-26.22088544261921,161.08119852865883,81.80988317664767,27.22529086029391
80583221.0,839.1583940349466,330.15141282567896,196.52253298353492,-23.648733155058785,159.80062668647506,79.20904614917697,27.208389510930623
80583223.0,839.156590333204,318.30521967404434,190.17440594217973,-19.65905509013399,161.7898227564326,71.69354409095702,27.278134963788705
80583225.0,838.8906343442887,306.1698080149949,183.279664337616,-21.841422810634256,159.57559207956697,82.40217246639477,28.382535953597063
80583227.0,838.963796427511,293.3790430424718,177.15048180268843,-21.81515535758193,163.66784040105264,75.36919962083667,27.61029915547132
80583229.0,838.7674864336956,280.4136910663161,170.38347869972725,-15.82889425540629,169.5301687071231,87.00692418411595,29.239408781644137
80583231.0,839.1822260552906,267.9940981126257,163.79263022790803,-25.920510688950618,164.301404197934,86.60182192297906,28.216426207234143
80583233.0,839.1160641001675,256.1404760200021,157.0558984194571,-21.11426410116785,153.80196921615908,78.95368469516899,27.41325564811744
80583235.0,839.4030991184206,243.7871235142152,149.88456764126212,-27.02522213053957,168.5954317739794,82.93119070890255,28.09208756356682
80583237.0,839.299604935901,232.34405550832375,143.4528393781767,-21.102434435059024,154.8900326704972,75.19396764420267,27.41273558833217
80583239.0,838.779020253553,,136.02417900998404,-17.80927776327853,,84.34912891617655,28.869611358535398
80583241.0,,207.3837813225205,128.91595045335114,,165.5883749107497,85.47958937248701,28.232034114342056
80583243.0,839.2935917358286,195.01751521170104,,-27.76552049862682,170.18989730987232,,28.05965641971784
80583245.0,839.2371543737629,182.22319935413043,116.03273687066005,-21.49425778373772,164.50428847766523,75.39911745921953,27.993461721563232
80583247.0,839.1095370570018,169.68649676594862,109.22390391969022,-19.74763730271841,165.3988128340685,79.86009717820374,28.29238222934028
80583249.0,838.9929143298303,157.7837874797752,102.637347102077,-20.325828260165437,162.83626432752766,78.33245310558117,27.841458129563748
80583251.0,838.849296553762,145.78142835847024,95.7540998540912,-16.928292139424748,162.789274635694,82.58354450637394,28.3887938454374
80583253.0,838.9308218621017,133.61774145235538,89.02511364209637,-22.17298584879025,165.5307820692797,77.10209489228319,28.010250887125643
80583255.0,839.46518697041,121.31492429474508,82.32369539769414,-30.237555892358053,160.74377142136666,78.01755112764475,26.95518281971541
80583257.0,839.9718566341472,108.06764688400136,76.03353082670526,-29.589481513721392,168.33204868038746,73.26228698171812,27.41545876315199
80583259.0,839.984843054327,95.83684968310138,69.09410658202715,-22.008462573438187,155.5297650713,81.29376294241925,27.555550426709004
80583261.0,839.9553072698507,83.81501961473927,62.23573153705106,-21.6436185657664,152.07306687155986,85.06062049962036,27.28228092114137
80583263.0,839.615699523455,71.11929170040052,55.99223837173078,-15.525588323288218,163.03208737924436,78.03553475686793,28.41921490789169
80583265.0,839.7317287973866,58.833382757038336,49.55946467204237,-25.70196633542117,156.9967675449097,76.3937980512588,26.865703248196358
80583267.0,839.8394132710182,46.8734451360276,42.46285912281215,-24.22307533149857,159.65886315018946,85.3190502284482,27.883986745436214
80583269.0,840.1055852771459,34.400555820295395,36.03664734726335,-26.21138039382161,164.34274052721383,76.99602359526774,27.55055072420656
80583271.0,839.9446156140768,22.10401888825188,28.967432600850064,-21.317254740213425,161.72729899558283,83.95530193560151,28.358038775423488
80583273.0,839.8548357512752,10.39580260131776,22.145730250115477,-17.883969980056243,156.83273745624842,78.37368101577484,27.63800686819747
80583275.0,839.6430576565949,0.0,14.87547252646286,-21.31703289384437,-19.99489427426272,85.27762427749168,10.58191647294523
80583277.0,839.0954308325137,0.0,8.279426335119652,-12.004348491204286,-15.255155949277563,81.08710160334911,10.592515395229926
80583279.0,839.0322394728906,0.0,0.0,-22.245460033293245,-21.49896190463545,-17.742133764450656,0.096342858477626
80583281.0,839.2379694174703,0.0,0.0,-25.31432479878085,-16.278638639790657,-18.73265255178481,-0.2981000335273089
80583283.0,839.4451757147624,0.0,0.0,-26.08445646390045,-17.22700094342676,-17.21718120865434,-0.304101865243671
80583285.0,839.5566778464764,0.0,0.0,-19.235255821910823,-17.817345980436414,-19.889449976817676,-0.1619582669598095
80583287.0,839.1080018176798,0.0,0.0,-18.82019358554292,-18.785866393413627,-17.48013622122953,0.7074912622807746
80583289.0,839.1400331170545,0.0,0.0,-20.86056059264141,-18.85211244295347,-20.940510001961,-0.0446743279947333
80583291.0,838.9462675370987,0.0,0.0,-20.154637842829203,-17.38957981563459,-18.979784231659025,0.2926171692942074
80583293.0,838.9022480358524,0.0,0.0,-23.767024269282736,-16.94962752056358,-20.175254040909607,0.0639018832219986
80583295.0,839.2259414375469,0.0,792.9752422141983,-25.808843357665868,-17.929463229142158,74.99916918979153,9.549280192669116
80583297.0,839.615342699065,0.0,785.8894062771004,-31.786059849759653,-15.932344346853924,76.19921219120545,9.379373472338113
80583299.0,839.9249096060901,0.0,778.6318577427168,-29.402248257308827,-15.90190808650604,86.11550046922842,10.01470519061257
80583301.0,840.048991720237,0.0,772.1312921702303,-24.579363630146023,-14.772022458452753,78.78169893867562,9.910970359362384
80583303.0,840.2398694674354,0.0,765.3319261798938,-25.228149316458715,-19.68697526998747,80.6013135581974,9.6890267573112
80583305.0,840.417870212375,0.0,759.372312208467,-27.81425291842533,-23.121639516487647,66.904040466531,8.873579965047535
80583307.0,840.4591811965477,0.0,751.941872141205,-25.323514873697867,-19.15449452331569,82.91793712954832,10.460095143356211
80583309.0,840.4511719018557,0.0,745.3148022823142,-17.90761542857893,-17.90878164671615,73.2874125731264,9.685186165650707
80583311.0,840.0960548246395,0.0,738.4336332435226,-18.626027549337778,-17.076597684537646,79.51079179920757,10.425552195100671
80583313.0,839.438697459887,0.0,732.1686799329846,-10.719436622133063,-18.713491570976515,75.9604107143458,10.505766631075268
80583315.0,839.5754301223577,0.0,725.4608596830578,-26.98146630485465,-17.910712480213704,78.82566011672888,9.949114692195304
80583317.0,839.9569038266948,0.0,718.4283991667336,-24.27351894877504,-19.433614291073752,82.3920957011281,9.635873092947604
80583319.0,840.2671623584181,0.0,711.3492940160326,-29.59208393064823,-19.075465024260453,84.46118010174885,10.283822792600864
80583321.0,840.3503150374784,0.0,704.0023246880847,-20.81278591292101,-19.994981583052848,80.22166297035821,10.435589678106645
80583323.0,840.0820446902625,0.0,696.9707933376105,-16.599545222002988,-16.960816700851836,77.93983261959755,10.204284985029217
80583325.0,840.1319942973938,0.0,690.3426412598379,-23.628237647304907,-19.68032049394664,81.17064690509415,9.889298544839065
80583327.0,840.2576082369901,0.0,683.3377322791696,-23.69233454454033,-19.577887437183804,82.37480564009687,10.590269980832389
80583329.0,840.6504411604254,0.0,676.2656373965538,-26.43717393636044,-19.43701337423397,77.79799553987337,9.249927151203751
80583331.0,840.3776801039887,0.0,669.5520581756103,-15.51180416167336,-19.99552758961717,76.38998139663424,10.41210504285979
80583333.0,840.2285237846834,0.0,662.5735532809605,-19.526090007926552,-15.264784299611094,78.98684864954551,10.157981978936665
80583335.0,840.1517085981518,0.0,655.7897026609037,-20.250246040161496,-19.003780040010653,81.66884792924672,10.238775953232883
80583337.0,840.2262952271942,0.0,649.1506914478485,-21.004424239108943,-13.850974793023724,79.53964802726294,9.902012813731869
80583339.0,840.2152729763258,0.0,641.9800532293308,-18.102292377578458,-16.470659171446812,88.34455803436697,10.664414767044768
80583341.0,840.0891570166094,0.0,635.1057493458517,-19.193102602853408,-15.132677699584477,87.58904785960522,10.785417781407713
80583343.0,840.0920420892123,0.0,628.5224263076437,-23.164600080139977,-15.796417538474358,80.44639014910531,10.105036647357034
80583345.0,840.3173156248645,0.0,621.589503663311,-23.041451282063804,-10.86630041673957,83.80498503081806,9.943462073569172
80583347.0,840.1277657174,0.0,615.4300147538218,-20.858712042498897,-16.113264182609214,72.97120270794547,9.651385533137848
80583349.0,840.2682573442231,0.0,608.8731377277817,-23.50625925007248,-16.651649259756795,80.31202622215822,9.5011411932112
80583351.0,840.1967965009654,788.0573257655905,602.6099230455982,-22.48562719308701,160.45376251975335,81.34332083595764,27.86046671382903
80583353.0,840.0829166152516,776.21839993454,596.6671116065131,-21.041354976399084,160.6506883741978,71.711278144569,27.72280082785357
80583355.0,840.1669272815097,764.0778610431521,590.1218839153968,-21.433409065410014,160.70164806392975,75.50554969072058,27.280806361391363
80583357.0,840.2318320167687,752.0484555379278,583.3143404586106,-21.99250287581771,167.66303790124002,79.70559214453901,28.92597509083754
80583359.0,840.054210860331,740.0381381455636,577.3156718453245,-22.75713756744399,154.4568506287087,67.42063823616213,26.712728527479157
80583361.0,839.9219039935927,727.6031601953606,570.5328503173241,-19.62442790987973,161.21325913912608,79.09446719965173,28.417785294629372
80583363.0,839.9374187891825,715.1695126142299,563.4470887061734,-22.89998018338184,164.4591066933256,84.26120341404365,28.82897734995724
80583365.0,840.0069768591609,703.1725346838426,556.8027394278962,-21.651537519760858,157.95120836593455,80.10815431424987,27.86909350576294
80583367.0,839.79429779061,690.8799444153561,550.2738276549554,-21.047206511516254,155.3741919269751,77.73112941371963,27.9842081419148
80583369.0,839.8089781146916,678.4274049333552,543.4946670491134,-24.12216779720397,157.7319520260439,80.1521177290032,27.88870020718463
80583371.0,839.5648097937517,666.0391403579343,536.6308136913533,-22.328426038487382,160.8477638274876,81.3562540461035,28.79697943434757
80583373.0,839.6980218912335,654.0268802433786,529.7298142570928,-21.61933079041777,154.7040257993816,80.37853941719906,27.590603723514704
80583375.0,839.6866283841717,641.59822546689,522.6220100964712,-19.40946838475329,160.85797637670262,84.98717622353797,28.55360176105013
80583377.0,839.8418952836389,629.4512749181878,516.2323756841458,-22.900978805131967,162.3977561648583,76.87781056359168,27.485321680050845
80583379.0,839.9179879295538,617.8142425790769,509.29138033239934,-24.36379067120339,156.19345314530656,83.13795390347153,27.995631842431784
80583381.0,839.921339557234,605.898009387972,502.2342656265847,-24.53321447515852,157.8714083232454,80.71403269641266,27.991375135459545
80583383.0,839.9363128495434,593.8357691571854,495.7512387705481,-19.64770663457694,157.48529015027813,75.83839884330214,27.396401736688333
80583385.0,839.8297822825051,580.7979362342089,488.9468848663308,-20.548807850196923,164.65461996291637,83.78749676538439,29.246763107884615
80583387.0,840.1364629592692,568.1244192632333,482.40613446222,-23.88475204314197,160.89122882155675,77.49076380735873,27.406934830752583
80583389.0,839.892272175186,555.8125622056623,475.32453180562254,-18.458930701280217,161.30726599326033,83.69905228810534,29.142987911346545
80583391.0,839.9605934346129,543.1335953235824,468.1581649357306,-20.856600675034837,166.05557164007251,82.35179650171372,28.73518490235904
80583393.0,840.0808708795636,531.7261580723839,461.3448751576274,-23.43418637630004,152.66082764190853,80.21926074956605,27.112089419504034
80583395.0,840.3186021186276,518.8875430667837,454.6440977349637,-28.130043043133867,161.01750977359688,83.03964341759769,28.267553954163585
80583397.0,840.0638509522931,506.3513041020813,448.2553603529117,-17.72803238833435,160.81977442267814,77.42343581852559,27.82797806399221
80583399.0,839.8821561435794,494.3140325398314,442.1089751288777,-18.20600121100192,164.5119234109293,72.09480028583994,27.73529875012476
80583401.0,840.3237341199911,482.9122392092599,435.20708589207686,-28.986266533759277,161.5291747355825,79.63943502911579,27.32584722629004
80583403.0,840.4484098289507,470.3999184070655,428.633223790127,-24.1204713304002,162.74634029239724,77.92762803170353,28.093718271128655
80583405.0,840.5453058544695,458.338630737358,421.7512225608579,-24.28739756790045,157.1227081800238,76.65047908272498,27.559287375607624
80583407.0,840.3934215305227,445.5326825767054,415.03522646788224,-20.956430626689635,164.104202614905,76.39820216652434,28.320703486905938
80583409.0,840.1185498149302,433.5505659571338,408.463826963709,-18.30152652376781,159.50359916975057,74.91453091348626,27.69451218567616
80583411.0,840.2813420621483,421.6836366707758,401.2941343279516,-24.5535436068078,162.1644766244409,85.55409598204422,28.311260499414903
80583413.0,840.2261949486652,409.8163932469623,394.4836696775844,-21.78541641998235,157.30189992500365,86.12685118201505,27.9794825172126
80583415.0,840.5596304232428,397.69008999594087,388.2837379697168,-24.58652717686363,161.73937980603787,75.81696063478795,27.21020060038476
80583417.0,840.0573431711282,385.8337031120698,381.5182524794818,-16.151601296645232,154.55507644980793,79.46467996178285,28.33249695005301
80583419.0,840.3233239873427,372.9818049495084,374.9426180601853,-30.192561440290014,160.4981993960332,78.04688241634466,27.64171996194477
80583421.0,840.7437231267621,360.1706749581534,368.6414135096254,-27.415096955194937,162.27683409301338,72.64491820595731,26.934719289126832
80583423.0,840.696625105822,347.8380939091344,361.7413853532514,-18.399138503151672,162.3824824189382,77.876157013528,28.29725643751629
80583425.0,840.3565167115684,335.29453387718473,354.3678090490642,-17.362288567893053,164.90102644639936,84.8445961064368,29.43641460295246
80583427.0,840.820110613778,322.85216051591595,347.3944914949152,-31.13621429038113,164.56115159462198,85.62276044883954,27.89346526515279
80583429.0,840.9318211116472,310.9126919858636,341.06946734877846,-24.936333507426056,157.5531651153551,77.26851767767876,27.367118697878
80583431.0,841.1374579415124,298.39125428175305,334.3737358585841,-25.65071185642993,161.3574836560042,75.35708813106699,27.65391232337401
80583433.0,841.1068395328423,285.7622818976907,326.81832179162024,-22.40184773943449,166.54000159513782,87.4867727676156,29.131047751959716
80583435.0,840.9861081787211,273.60395070413904,320.4954780803618,-18.481542986671656,162.353396568953,76.82797920841398,27.78739643271448
80583437.0,841.0242688019439,261.09238298907223,313.76737931444904,-24.291771119960835,162.15809760606177,82.76864694395483,28.582049518152843
80583439.0,840.7466900830178,248.03612408046823,307.2003923692373,-18.805247294590625,166.48182963699878,76.40069879339585,28.450693468339736
80583441.0,840.8049117136339,236.55419845474253,299.8700043128207,-23.67039003183102,156.14692286579074,88.38590230275143,28.07743049796354
80583443.0,840.987075161267,224.1025422622294,293.55166512484755,-22.807297796575007,160.38468812409624,77.38848905996518,27.39505596672392
80583445.0,840.9829744189708,211.1231569942489,286.6835265625498,-21.446626321676987,168.7913170312788,79.50175191514282,29.171277504931467
80583447.0,840.9860742808523,198.8674314055456,279.7745166040179,-23.237643871316315,151.441169328933,78.98310267282993,27.11436984997904
80583449.0,841.1130160191226,186.00498855584848,272.7354125038322,-23.50586491894128,165.77032362519998,82.65483264663041,28.55258657107552
80583451.0,841.1387100613775,173.41629253213256,266.27364800243845,-27.032549671243174,167.14395446163704,77.76156821063222,27.812296329511906
80583453.0,840.783725702174,161.73961603192174,259.79250964497515,-15.805694274387374,157.34527278826567,83.03755359509398,28.14315316264514
80583455.0,840.9308348102169,149.30026807515063,253.39681003118244,-19.67684721604555,158.43269878157437,81.11126436867428,27.543670620634053
80583457.0,840.7774798691275,136.83919441359177,246.92945835989931,-20.88911668037317,163.01307504974392,79.32074530780133,27.975112175928825
80583459.0,840.8618692518313,124.77547936406069,240.5109854069579,-23.94588724055911,162.06708079402128,79.06691369997546,27.522745985427285
80583461.0,840.8384868970136,112.40548045448318,233.72602219754123,-21.12231700888685,170.08790944580795,83.82598295045642,28.87459775187532
80583463.0,840.5706282384904,100.10701600813988,227.13471274399788,-18.03459766598415,161.54115748332563,82.410664871931,28.69545275033188
80583465.0,840.5344340741892,86.9193611290794,220.6389704427709,-21.754257793557397,168.70414573680517,77.99798717298108,28.58163737713335
80583467.0,840.2071534434546,74.2405176764178,213.94589618645375,-14.71318442161926,164.27917478879655,79.57255831210735,28.545614345048243
80583469.0,839.9021984260959,61.985023637252766,207.07588626392044,-16.523770848238406,167.70318959516973,79.71745172567617,28.978009179517123
80583471.0,839.8898007011242,49.52896914267107,200.33785596403413,-24.72931156622469,162.61206089789783,81.38234597784856,28.1436709220997
80583473.0,839.7082133323985,36.63521994705154,194.09793666165524,-19.82900572263868,166.6323807040399,73.5468013717146,28.229957489940155
80583475.0,839.700316305577,23.73811670259667,187.83562588209472,-22.045654774662005,167.72617289428746,70.66022609773644,27.654925315027427
80583477.0,839.1495746751207,11.660312795407044,181.03109242370385,-16.57820231278165,158.72452864827025,81.72060167923179,28.474669140180914
80583479.0,839.0558336647949,0.0,174.43252867091888,-20.195095472067777,-18.379593913522346,83.94886852956976,10.201491847475102
80583481.0,839.0943516997991,0.0,167.454581000114,-21.896082651010477,-15.315423464733286,89.61616891496271,10.537276817221604
80583483.0,838.9910031829588,0.0,161.21880319670956,-17.95670321904933,-19.503498925060768,73.97178050206146,9.675476779085791
80583485.0,839.2743022311302,0.0,154.17550269893212,-25.580856308226423,-20.43292051472831,82.46919196765933,9.565552120593589
80583487.0,839.1595272263921,0.0,148.0529036954981,-19.961490959187277,-19.30182141442421,74.91970714583097,9.343100518851337
80583489.0,839.4900774446899,0.0,141.39393831265994,-24.3420514066748,-19.8284708219617,84.81097953844954,9.590440179113934
80583491.0,839.5234575457898,0.0,134.8581751967682,-20.037908259094397,-14.72753396376173,80.07659107879613,9.959946357442783
80583493.0,839.5104603949396,0.0,128.08635655638875,-24.639026024009,-17.40679315067949,78.59288973196469,9.783159844398623
80583495.0,839.7073292930168,0.0,122.16902989467994,-25.035457656360247,-16.080677169003394,68.3987400015042,8.372455958437916
80583497.0,839.4004097472459,0.0,115.08209286981533,-15.61895415102008,-18.61342682940997,87.10801765258348,10.949892596094926
80583499.0,839.0303331571089,0.0,107.96934350800922,-14.6704878118272,-15.66528551936861,88.524477571708,11.129189307469286
80583501.0,839.1367780365048,0.0,100.97356635597713,-21.957143038540288,-14.62414026247589,87.3157410617415,10.34080657075965
80583503.0,839.2331689725723,0.0,94.19732882923874,-21.68647092961541,-19.441784529333603,84.91132434149901,9.938257621952362
80583505.0,839.136398907909,800.0,87.94317190665946,-23.881383229176908,-23.59673708871153,79.94686419554725,9.701092317357986
80583507.0,839.2564109558958,787.6418376545746,81.04885360635616,-23.570587477255764,156.3673092133746,86.62463270046933,28.16892398735754
80583509.0,839.0680473035892,775.5889528006838,74.00429838590753,-17.582812874304885,153.1922230616783,80.3401705746806,28.4398904704456
80583511.0,839.5681482096574,762.5999245886644,67.26103841639488,-26.25296379503685,155.98635223701285,80.27589289273656,26.65713486218242
80583513.0,839.7308349363668,750.3818824178151,60.93827562368202,-21.285403485285222,150.3316783163303,80.61119590767372,27.09763080962021
80583515.0,840.0487305843665,737.465448693354,54.518248964995465,-26.139743237487338,162.81722523924253,74.59402606633479,27.368824600313676
80583517.0,840.0043911816665,724.9724227978094,47.54151365126909,-24.853941705308515,160.07592707194843,81.31734188383324,28.421560134617447
80583519.0,839.5156707583423,712.552944614197,40.396249859454585,-12.932959628307806,162.73402807006045,83.33272439371753,29.1190526297298
80583521.0,839.5988599071418,700.5608595786637,33.538891235465506,-21.332661417925344,156.41644712238244,85.54059715205771,27.994312498686377
80583523.0,839.5728670237054,687.5306136571235,26.960544873174577,-17.392537536528653,163.47705067990702,82.06117232013125,28.628301549580076
80583525.0,840.0934821587667,675.0831700754338,20.06481648663573,-32.05327842215597,164.711999120724,81.73382093840527,27.52729008762523
80583527.0,839.8670528608179,663.0853243001421,12.953962352241682,-18.041781366046195,162.873518511578,86.43032341656858,29.12091929285589
80583529.0,839.6424291262184,651.2028071064228,6.143187475029885,-19.847863068497183,153.44370910968885,85.2143027315972,27.977953643943657
80583531.0,839.6376777560632,638.4480380331196,0.0,-21.48570048661265,165.85349357065346,-17.79026094444434,18.4619726696204
80583533.0,839.5908441619774,627.0343702220183,0.0,-17.27576972510862,153.54151338344246,-18.3714676703232,17.49361339322962
80583535.0,839.5211821631306,614.1939624775476,0.0,-25.222477448454967,168.51143135624883,-19.78603572644333,19.114002137798963
80583537.0,839.2875350159583,602.0319748791119,0.0,-18.27353035207165,153.556969469248,-18.133258906553223,18.087712867025814
80583539.0,839.0142244686616,588.9845524020086,0.0,-18.875662647981724,163.01087408853138,-15.148574782326309,18.764512097933565
80583541.0,839.250131865917,576.57057014025,0.0,-27.388439464241813,161.9773376204813,-19.030968500501217,18.01274735157138
80583543.0,839.4174667973554,564.0136673861019,0.0,-19.818785850436488,160.58430458458926,-16.87466819403909,18.038239108793142
80583545.0,839.3896422238347,551.7676320110476,0.0,-19.261855331250796,155.64872719092122,-14.425865841382574,17.69551301884861
80583547.0,839.8832808832842,539.9679548949053,0.0,-31.21229835662231,150.88165153218526,-17.44102798768894,16.571497757969315
80583549.0,839.784124197961,527.0749665245612,0.0,-18.004278395475446,168.35076081000318,-21.31085634053541,18.64868037684504
80583551.0,839.5105894313131,515.728932799485,0.0,-22.153302238102015,156.8458509433326,-18.691954229472444,18.12716921642512
80583553.0,840.0222034566506,503.7192911787185,0.0,-28.68876567948188,160.29548816666738,-18.214228320717325,17.042461549149184
80583555.0,840.3366486238701,492.3167915962658,0.0,-25.953260760224065,156.48561858408365,-15.709783682538898,17.15665602875655
80583557.0,840.4870175229191,480.2018587962349,0.0,-24.302400599833263,159.51802308785193,-12.805456838608016,17.781286829929364
80583559.0,840.5906176140422,468.3415017079,0.0,-25.0902632940982,155.28609691427678,-18.44987549133053,17.254403867836544
80583561.0,840.4421656343833,456.5696598391852,0.0,-19.077861909548076,156.93388380811655,-17.742981223752494,17.931248958498706
80583563.0,840.7875318129214,444.1177037533271,0.0,-26.398170998002875,162.2586696112167,-16.46055129719312,17.808351537858332
80583565.0,840.0617970553252,431.7777266553451,793.5320978028224,-8.500751333353092,155.12152618545647,77.97568409975636,28.761504272244963
80583567.0,840.1072087918865,419.0380299669355,786.929308624804,-24.23604800684129,154.26261699044025,81.74906677184273,27.67744411917496
80583569.0,840.4623948493141,406.785811576709,779.6933734133343,-25.312286307763085,153.47855418128842,88.74309137767355,28.04054191435709
80583571.0,840.5474947070646,394.0606881622727,773.1405704120715,-18.248348090351666,165.3029904938824,75.84828396341143,27.868425120125607
80583573.0,840.3538175297161,382.1779601532975,766.7978923455223,-21.07054048157093,158.86260417311348,76.16574524409545,27.71179297710694
80583575.0,840.1723351606598,370.0928845905782,759.9379814354012,-18.994982031176686,160.82811788886633,82.04203042827159,28.563945074123403
80583577.0,840.2295445650517,358.45045242873226,752.6206671233416,-18.53641529477649,157.9440313769784,84.3959539203896,28.282476059493728
80583579.0,839.7518585340144,346.67827464056154,745.5929765254365,-13.6173141945951,151.03529444303717,80.05338059920408,28.451707965846268
80583581.0,839.6326080496011,333.90910949681535,738.9393778101204,-16.48212198954006,159.26433905184297,73.304103817455,27.76586772618063
80583583.0,839.7335977579656,321.27328126076645,732.3181814626522,-24.52535507939963,165.8562695624911,78.99790187468928,27.71117288086542
80583585.0,840.1625128765494,309.89279068292683,726.1126577007775,-32.688583797619806,159.79381371191312,75.18696170264654,26.68820592181207
80583587.0,840.5731790709162,298.4571584206782,719.285502194476,-28.852186111176312,158.47251725427515,80.69247581251273,27.10963346136853
80583589.0,840.5410943339235,286.59889486150934,712.7564980401878,-22.327553218901304,156.11635701134028,77.92055434974472,27.73017370457456
80583591.0,840.6030000379219,273.8681807148072,706.1292614030866,-22.433740480563497,160.58759493642813,73.23138316376422,27.879168041433488
80583593.0,840.1162436326164,261.2063113098799,699.139982053005,-12.70777214550828,164.20307065630186,78.66874243174263,28.64706214493904
80583595.0,840.0857440852179,249.8655375209785,691.9581105236325,-20.700215408182316,161.99354404060858,85.61831868943548,28.2699619385588
80583597.0,840.4672855610689,238.54988585040192,684.9702073177745,-26.95472567287364,165.97548971714227,78.84399818916371,28.134633250676863
80583599.0,840.5629743320663,225.89998952110253,678.2965816549835,-19.341968115001634,163.43896485932342,78.57408656218713,27.967155498610445
80583601.0,840.6070784065151,213.30781280574155,671.4323860445435,-22.0901740632568,161.66046850179922,87.80864459448512,28.569082944603885
80583603.0,840.4846078298468,201.0429330762238,664.9645029831012,-19.66857408206232,166.32483044310487,80.21227848654078,28.286572535036772
80583605.0,840.9278381083044,189.60411210313407,658.1946795391391,-28.03829759892791,161.02673868102647,77.66203053159778,27.450414951825
80583607.0,841.1070178896168,177.99434830664904,651.1031794767705,-24.251596703891764,153.65620947358843,79.97150169625357,27.039861501794604
80583609.0,841.4472599208693,165.60745055474968,644.1219602510557,-28.42901786555692,159.898505079039,84.04620339050162,27.97630967773219
80583611.0,841.1448539146785,153.2309685152373,636.8958542422074,-11.924525749600123,160.80745696412947,85.30042184837107,29.056266741716595
80583613.0,841.4211142536805,140.68798361692373,630.3910093458751,-24.93339297130132,168.35241104062024,77.19139368589596,27.48701311009964
80583615.0,841.7200552315787,128.81764888202028,624.1330916678401,-26.53325557038108,166.68827062285726,69.83311889982721,27.572260157034396
80583617.0,842.0259430619353,116.52529661119658,617.0320798571713,-26.35608243463413,162.63436325543643,76.23241423579888,27.522018607163965
80583619.0,842.0730232485846,104.24704079357672,610.1873964044278,-23.8884861010223,164.12597834237306,76.25244114820505,27.866973064390677
80583621.0,842.3809352471443,92.16642414527648,603.1370605432569,-26.39143226275389,165.03393668412218,80.76234487777364,28.05849966826122
80583623.0,842.3683458989472,79.63521472668998,596.4759968425113,-22.271290928232894,164.97751456807424,77.36059505918193,28.2171412190551
80583625.0,842.1278237257166,67.87335688673458,589.7450119669658,-14.91458480722971,158.59273687561912,77.41806932405514,27.54900402117917
80583627.0,842.5250297911861,55.90242147175761,583.5179964871319,-25.92399680316886,168.13383139198342,71.24326748114795,27.008673625362626
80583629.0,842.1426643002718,43.802195034617824,576.6728558947596,-13.484319376675996,164.9584369703945,82.15463293279343,29.040950613006206
80583631.0,842.1416537392064,31.63261416867647,570.0644296417013,-20.969583744123007,161.18077723172604,80.42773377503121,27.809739251776904
80583633.0,842.4851924463661,19.29619858645826,563.1370907593636,-24.480705761690924,166.16087498854893,81.38173110504385,28.379267635439245
80583635.0,842.9800643195764,6.7148079569233055,556.5857274238613,-30.597834681954133,163.003638546558,76.30166512411839,26.87628514636785
80583637.0,842.6349021888293,0.0,550.3173109590856,-17.150069407994522,-15.961962237043709,76.06576273225426,10.073919354101724
80583639.0,842.5753590280871,0.0,543.7809582117617,-17.468213067643468,-18.67010982607077,78.23900811196461,9.857402023949648
80583641.0,842.6312688798791,0.0,536.5055375607809,-23.234889121253005,-18.777281660328896,86.36451441828773,10.813977383555352
80583643.0,842.5834145121088,0.0,529.5218628510113,-21.98073163343101,-16.36693667773079,79.91378766728589,10.051955119281152
80583645.0,842.298533887045,0.0,523.6315456696574,-22.07389213493783,-14.3342737707235,67.50818488920407,9.174125847896132
80583647.0,842.0693656234431,0.0,516.9104868300376,-19.89388901408278,-17.189299661783465,80.64357816830041,10.282064415407543
80583649.0,842.0467846052643,0.0,510.285380929739,-22.891070620449256,-17.602654072563922,79.95692259054795,10.00876060897348
80583651.0,842.3159478087986,0.0,503.5618839816235,-25.05229457342245,-17.290346505080336,79.45087644871515,9.607521199525626
80583653.0,842.5575092829664,0.0,497.1216029324899,-23.08713199107457,-19.833328083715173,71.91584512775565,9.109172802350765
80583655.0,842.4330986693798,0.0,490.5023931085853,-19.876158468613617,-14.585122453643862,71.82747259399041,9.60643207113293
80583657.0,842.4987064688701,0.0,483.2379064562596,-17.280950121771852,-20.09631617206125,85.0040974052786,10.298843184242122
80583659.0,842.4622538195858,0.0,476.22344212352726,-19.613338606033007,-12.208010659056548,81.3399002959304,10.60057027053469
80583661.0,842.553744737869,0.0,468.58176702849886,-24.234396261972456,-16.598656835898893,85.28313127880729,10.519545101619002
80583663.0,842.4925007424929,0.0,462.0427989367239,-22.436129255074484,-16.360786312340224,71.67479251298164,9.57205900688846
80583665.0,841.9859635135149,800.0,454.9797313600605,-17.125960068522197,-23.13254855615979,83.5723295461392,10.702870801191704
80583667.0,842.1782089011716,787.4545497071807,448.84544438265846,-27.122746795239134,160.727977665928,77.70837178280084,27.48021027727141
80583669.0,842.3442272864507,775.561313457087,442.0872001906221,-23.150396123998704,155.32376050690047,83.55288483175003,27.788209335747663
80583671.0,842.4956194737906,763.1992563585923,435.4900471299461,-22.54597397415092,164.00544250682938,81.85454584411208,27.66047084769893
80583673.0,842.5155371685548,752.1046900658713,429.1315724095949,-19.974818017482686,160.1899245838929,75.94000166053738,27.67315280928064
80583675.0,842.7789354016851,740.3136682181646,421.7598333513965,-26.38991739847222,157.0030577519894,87.60518308496196,28.19142472978058
80583677.0,842.1162100069016,728.1318202351657,414.8670531076595,-13.515769170348282,154.9963904335933,81.98525357929276,28.992236892945087
80583679.0,841.7095595392204,716.0444781778998,407.3518971386027,-12.174829994154427,159.67912744051904,87.32633953344403,29.179054670578488
80583681.0,841.9742278363025,704.8147322842643,400.52693302119127,-23.346102977405632,156.55508800880486,79.30662615507151,26.91513128465313
80583683.0,841.6062877961261,693.0125037247725,393.8265941798321,-16.333570346805786,162.25870008945634,77.32794400712811,28.883158137684752
80583685.0,841.4282978138001,680.6744585447426,387.0215552451632,-21.44667126776239,159.18680787423477,77.80309395471028,28.000024625655094
80583687.0,841.3339890395024,668.8595517465754,380.0909021563679,-17.355076715620797,157.64728320681212,82.31595903345902,28.005921482099893
80583689.0,841.4200784860176,657.0432419263013,373.4476067663448,-19.073044165900832,156.57123208483728,80.21730641864059,27.54764462190446
80583691.0,841.299503531549,644.6101975543052,366.8460838856067,-18.69656787459597,159.69927343293395,79.15330453563321,28.37445239660015
80583693.0,841.2382973830714,631.6633242877112,360.25765757659644,-23.297044612624767,162.71572285106882,73.69585761710245,28.221006133134917
80583695.0,841.1034929552073,618.9248811924966,352.9035793356757,-19.313737291616007,170.85909619833282,86.09788894934282,29.19883741163913
80583697.0,841.1822821500344,607.2240387416034,346.7372699326358,-24.92568509405353,163.18005896026386,78.85164910712146,27.716328436127107
80584167.0,,40.97120597763388,,,156.17564687966927,,26.814798520448026
80584169.0,840.3158284038121,28.283588624851323,,-21.419014423154746,164.5193352704255,,28.36733470701097
80584171.0,840.6286867555064,16.851229502167236,560.2977904343228,-26.015449192481576,155.26147843639532,81.64928907056972,26.561031565423267
80584173.0,840.9553369328277,0.0,553.5214915440874,-25.01137851515981,-14.990286694553191,82.16738933323401,9.862713415959943
80584175.0,841.0902248802302,0.0,546.7965249662891,-21.299440347447614,-14.129492589206038,79.161989387263,9.60570307564877
80584177.0,840.8791618820599,0.0,540.4202874600678,-17.080234952311912,-19.301942400514008,77.36291213111205,9.955314400826795
80584179.0,840.8273786559506,0.0,533.7592619931514,-21.85488724206463,-17.361796377350842,78.47319011832904,10.133690920344373
80584181.0,840.7146598503199,0.0,526.9588297761546,-20.513346868809705,-13.646900328296752,77.89787613468278,9.961945607166369
80584183.0,840.9978465787328,0.0,520.6216701014743,-25.472182103991823,-16.45825973393606,73.62509890161265,8.980068556807774
80584185.0,841.3787155892969,0.0,513.95926999526,-28.4811004874228,-14.597486664554625,79.40069028238851,9.267692527016385
80584187.0,841.1785846504156,0.0,507.113544265844,-15.525987488958243,-17.155094740383973,82.20514960986006,10.604278367867362
80584189.0,840.8926154536024,0.0,500.47276588408704,-17.46107852249152,-16.430140285245116,80.12463513161498,10.156097940242423
80584191.0,841.2972390553906,0.0,494.0048257492536,-25.091147003435943,-15.389373065507328,83.40355012779224,9.432979240758431
80584193.0,841.1580753027507,0.0,487.8165239507193,-16.74223352748612,-15.39044245716738,76.5894665599927,9.81876212674402
80584195.0,841.4502031652391,0.0,481.4262042681572,-22.37745189117476,-17.73178221014541,77.09622274781715,9.083996495312476
80584197.0,841.662177740621,0.0,474.90114366525694,-22.383627244588304,-20.045773419908343,83.1008455788245,9.575498731774234
80584199.0,841.3038518277914,0.0,468.771924967481,-14.054848747811777,-14.72525570594459,80.57326367243915,10.188244812600662
80584201.0,841.5619008287701,787.9982347255925,462.4018080675976,-25.936128036892395,164.60934424156034,86.12137456361299,28.18915849265924
80584203.0,841.9964908649142,776.0618846011159,456.4137145784103,-26.251851769638865,156.86424562292413,82.50885941689762,26.86851759680841
80584205.0,842.0142753379132,763.9279842329714,449.9996628208324,-21.742961757532125,159.06178265113752,84.91481537826601,28.260725861686645
80584207.0,841.8387860634109,752.501313347624,443.5902710311796,-19.616796449304736,153.22163211032208,79.19573305583428,27.13509449610693
80584209.0,841.988514187781,740.4817900404214,437.1665516205547,-22.060306605300468,161.7149167725874,79.104917721923,28.03726012268207
80584211.0,841.7008718294044,727.6611759924566,429.84354883287057,-18.075848050921422,169.30208763729422,90.0254035750551,30.070715215393825
80584213.0,842.024089235126,715.6334117667715,423.1097725538048,-22.84997453160597,161.09536276790465,81.80064038777071,28.15926403081941
80584215.0,842.0784536789832,703.1065364991205,416.0154744245584,-23.10215748818421,159.58078945028646,84.48301453089097,28.34042066001301
80584217.0,841.8368594033857,691.1274895806033,409.2466335954444,-18.53243229652072,159.9786498550351,79.60852071494114,28.216881891113168
80584219.0,841.4119622451508,679.6780275522178,402.2388425234224,-11.489349335389637,157.62140186138907,86.80893221725202,28.50982471885221
80584221.0,841.1021249197057,667.7986665973018,395.7264809105389,-16.269396667946484,158.4764324650038,86.93589699754797,28.815787298774147
80584223.0,840.7007245119497,655.6267831386705,389.214145432545,-14.522622430872657,158.78653582815716,85.26293206944382,28.59146649435337
80584225.0,840.1178913886466,643.5903626099755,382.530094092769,-15.413450521373104,157.18344666254671,88.03311498118566,29.34391820008171
80584227.0,839.95514339092,631.1896819844435,376.5412527164744,-17.279544878360134,159.0456065152059,74.18910821524557,27.351938645919343
80584229.0,839.5814807193598,619.2045179525821,369.9864942627736,-13.363370754025564,158.78165556969736,82.38587560474845,28.402053171862285
80584231.0,839.1692295281507,607.5168761968208,363.5895155882134,-15.802504421718105,159.2767722926737,80.31843804674003,27.893570188613552
80584233.0,838.952666677227,596.0487880535691,357.0913813863638,-18.332023927793628,163.91508353092027,81.12643588695272,28.616818325673336
80584235.0,839.22428834606,583.9320227775387,350.63781507154886,-23.94522304466434,159.95096040639137,77.57851259362991,27.36531875600022
80584237.0,839.4458180962664,571.9684242671144,343.67124589519227,-23.262159061164237,159.52737929237745,86.61976684049357,27.75937216828889
80584239.0,838.9781728796489,560.1812217418519,337.4335638230325,-13.647745129922958,154.06288554515478,80.98846192199657,28.098784373442356
80584241.0,839.07471079247,548.2497301251892,330.4345957143301,-23.279216345701546,160.55225026406043,82.55249301848568,28.02556052235613
80584243.0,838.9902392973916,536.8071531749642,322.9539688195104,-20.332907112316715,160.66816494055308,86.5818383863209,28.65901210888225
80584245.0,839.139831908383,525.2823280056592,316.1679186211552,-25.028920369687825,154.6578058165558,80.76493056186067,27.317366970810298
80584247.0,839.5681378275631,512.864476537464,309.3912748746361,-27.645538396161648,159.50621241943554,83.07701018397402,27.54161043266643
80584249.0,839.7249299108078,500.68698492601146,302.26804556794144,-23.55644906063077,160.34811670034443,90.60026315463725,28.276912768455176
80584251.0,839.4069808996263,488.6130811043572,295.48212545899446,-15.723394126417803,168.2658835197352,87.1633807874095,29.426893868945758
80584253.0,838.9970975562964,477.3566397918604,288.8918392726229,-12.373215416445191,156.46070711996143,84.49291583088208,28.15116918430606
80584255.0,839.4448380644833,465.7732313119746,282.5421579293581,-27.16138528082086,152.85432027328315,81.16846923443558,26.615055900767103
80584257.0,839.3979616234035,454.0618816645763,276.0431072727204,-20.42024029872873,149.28076531409994,84.29028614968013,26.89716604523193
80584259.0,839.161639426214,441.6263534232999,269.8830048351081,-16.365363192484104,159.73879433170413,82.14800738943917,28.249237501785277
80584261.0,839.3434010249532,429.6968570032679,263.18322708032406,-24.26257427393737,160.11618418447878,84.18206540955447,27.62375043142048
80584263.0,839.6500210637563,417.3092204095022,256.9953823449793,-24.617125665482508,168.05993220498527,76.72074223001576,27.75468119033628
80584265.0,839.499485817571,405.2852849808108,250.3549506559347,-16.149656299154984,164.05651287081275,82.75521052957184,28.136030153786173
80584267.0,839.1579344753395,393.4023840119721,243.94229973192031,-15.33711368876733,169.72301454554906,80.55313871514699,28.92223975822973
80584269.0,839.2783832520543,382.09364025459655,237.0992033400513,-20.056531986937948,165.4566200332249,86.06462433012177,27.910639612663942
80584271.0,839.0848707095561,371.0093071156007,230.5458107392614,-15.393117909672169,163.07848606695148,82.52166058588163,28.367947592623857
80584273.0,838.8522450791918,359.6410402757943,223.55651648570853,-16.049714211491384,160.73693759073186,87.5341747895066,28.426506501302136
80584275.0,839.041152199385,348.0760198478327,217.24310622038877,-22.607741927548755,158.99223173602232,84.9416994738634,27.210262017791138
80584277.0,839.3300835264013,335.97716872362946,210.7508377518336,-24.45774515463098,169.02506641934625,84.9937698934716,28.423695969049756
80584279.0,839.0287429513061,323.90483356533,203.7762427409583,-14.828039137971665,167.32242941030395,86.46693520609561,29.452566717783785
80584281.0,839.3527826019355,311.8582763969616,196.99808041989743,-22.0118164969948,161.57906585963053,80.10524841858036,27.70833466210197
80584283.0,839.5429878034925,299.30330719062533,189.9927726624981,-26.07306144096204,168.47553851571055,82.21208223869364,28.260324939999947
80584285.0,839.656228420582,287.8761143476352,182.80995096910465,-22.79814825895035,155.80811168567692,87.23596148409165,27.945480371562343
80584287.0,839.5952170619038,276.05307562228194,175.04961109677146,-19.353419631814216,163.07030687506716,91.32135990821811,29.16831345812548
80584289.0,839.8238285680808,264.2788494073135,168.14807925599706,-27.268989551560274,164.76093850708136,86.10960460933657,27.69897591505114
80584291.0,839.5105227964511,252.33639571060183,161.83811862976455,-17.73160602130141,171.9951048181443,84.67242497118194,29.068546676131188
80584293.0,839.4019488146934,240.91353849888196,155.72058797208092,-21.019130502162685,159.83322878565602,78.65889330394748,27.7113814090008
80584295.0,839.4397258957752,228.48753448109997,148.98438375904868,-23.508895625214763,166.82533335611987,80.5124729904387,28.17783115053963
80584297.0,839.7271709616831,217.2851147354428,142.247295331933,-24.45001002090048,162.38094090383242,81.564611241349,27.015394587802582
80584299.0,839.585968015917,205.83500954963927,136.24580193408116,-16.99436863972144,158.68706863726374,77.70090221478937,27.24788491044083
80584301.0,839.3450245336522,193.6461313904183,129.91674721880997,-16.55815000156662,167.69222867361705,78.95800343953123,28.391033468865217
80584303.0,839.1847143402542,181.49040854318147,123.20865447954458,-19.460947541781863,168.40630863620524,84.19698152127245,28.8381365659764
80584305.0,839.0565102716434,169.54012447410466,116.52914503364622,-18.63101385438917,164.50681319895887,84.35697156022682,28.577416636983948
80584307.0,838.9088168472435,157.28768982558108,109.70527617829114,-19.71641928479233,166.17705004678942,90.28870816408624,28.57756154543624
80584309.0,839.0129336932408,145.98185036771963,103.64175310898534,-21.151205461887468,170.0344353982184,75.76203168565618,27.670985107353637
80584311.0,839.4554551290008,135.08036006293204,96.86075277028849,-26.213828647149533,154.2499074093538,79.3956059947946,26.552114214078983
80584313.0,839.1366650516828,122.93279819474976,90.14291513771134,-13.082521506150186,164.72180982917124,79.20217222379603,28.055013214223088
80584315.0,838.6705626016541,111.5373630098542,83.50813826443267,-12.73847442393479,162.71585163174242,83.75125871180204,28.48524956873137
80584317.0,838.7055444749569,100.11942660087226,76.63925575317587,-19.629055614582526,160.3223897194553,92.15074319600276,28.09263930771128
80584319.0,838.5698528929913,88.22385726874846,70.20034550205884,-16.600742601040857,167.37457739718263,86.99678425070609,28.650909797820944
80584321.0,838.3485440886384,76.90483721906332,63.32999588671801,-20.016077074832594,161.69321016737905,88.98959790720808,28.59593496008105
80584323.0,838.2116283191468,65.30138959552164,57.0462016546842,-16.972503146748096,157.0355896743159,79.39184244946179,27.46179225044644
80584325.0,838.7949765857936,53.34111134272114,50.54042511158673,-31.772329473833864,158.253603678311,78.54745348288002,26.17288924355936
80584327.0,838.6814058628526,41.74135275131454,43.6442494173026,-20.716729769337487,160.81921888102258,82.58178685631212,28.20644970606115
80584329.0,838.547659133389,29.04118590728047,37.17250420904961,-17.41757632644548,164.6728867001744,80.38057745394629,28.076928354846807
80584331.0,839.097769390113,16.92731458582176,30.66510759935624,-29.49647310267667,164.47229665357654,79.3168613070068,27.032146454421326
80584333.0,838.4710325354567,0.0,23.43827024628797,-9.124810870763143,-16.30209500475469,87.23044586714654,11.48536090741839
80584335.0,838.5773719306842,0.0,16.567578481351926,-25.542380795152567,-16.85021753858497,85.42514087839301,9.918962307485913
80584337.0,838.123079057924,0.0,10.168475370636797,-15.853466194514354,-14.069574645868896,84.64012197387763,10.4460743066271
80584339.0,838.1737620067763,0.0,4.011974395658055,-21.501755955627743,-18.57578632911469,81.36163063792463,9.659022702870288
80584341.0,838.4241406114724,0.0,0.0,-27.02460648219508,-17.00535226459276,-15.128261452973971,-0.3761272322328767
80584343.0,838.4359479080066,0.0,0.0,-19.8164532621956,-14.72021881466874,-18.326474050977662,-0.0170943812093078
80584345.0,838.5726749309384,0.0,0.0,-18.734319836840623,-16.791546506365435,-18.65255902352605,-0.2088923871962801
80584347.0,838.7671656582515,0.0,0.0,-22.55510997519768,-13.890045448661851,-17.103937708885482,-0.3114216817902731
80584349.0,838.5988983816654,0.0,800.0,-17.82334609809419,-15.364697825930833,-18.0830710467135,0.2578925141981278
80584351.0,838.8874208721088,0.0,793.8537522656133,-23.250051334591987,-17.02558956479068,73.99784934293882,9.155289516197644
80584353.0,838.8201263218439,0.0,787.1108737652622,-23.31436068176533,-14.322158013775308,76.55727458252575,10.028255428720954
80584355.0,838.7253018753069,0.0,780.3604184930538,-19.88849886869696,-17.23307032841292,77.82073815170091,9.954056397429754
80584357.0,838.8251074501042,0.0,773.0405514549386,-22.799053987702347,-16.314198388842684,90.45138370597924,10.86400863827788
80584359.0,838.6130400153322,0.0,766.5094243590386,-17.406760812184668,-17.70765195735386,77.94913162781775,10.239869500136082
80584361.0,838.5880416492134,0.0,759.6621032072376,-22.45171145005342,-15.118359280970736,82.85091183477431,10.18826143297026
80584363.0,838.1458890105207,0.0,753.3100859479217,-12.07552839688487,-16.066493693568674,78.03335746644663,10.438121985170984
80584365.0,838.0837296217941,0.0,746.763988687111,-22.30985123340104,-16.350599176927773,80.39709556202159,9.994075695831391
80584367.0,837.8107621514101,0.0,740.3742175618328,-12.218572670450714,-15.036785038332953,77.78567107390111,10.249251468220251
80584369.0,838.2674576390631,0.0,733.8150236507164,-27.75055726852672,-13.642040009541262,80.66462742131225,9.045146748389806
80584371.0,838.4445382298741,0.0,727.1479754946371,-22.442993030558664,-17.862225910425394,83.8719568047644,10.234053692842132
80584373.0,838.2483909509367,0.0,720.4756849606791,-19.392555396490703,-20.080862365640343,79.75509504096308,10.182799414256456
80584375.0,838.3304732545957,0.0,714.2097010846204,-20.32751231194583,-15.681307148384818,76.29335140879408,9.449035657217856
80584377.0,838.4053949403248,0.0,708.1873175809553,-19.97213524848768,-16.761697056009524,74.59148317065234,9.03305271240459
80584379.0,838.5465952580983,0.0,702.0470330433224,-18.157505093306582,-18.164405363316902,78.082599641897,9.473849146036772
80584381.0,838.6525585045368,0.0,695.263155513669,-18.34558583993492,-17.444600407143923,81.87712027509392,10.21241392204494
80584383.0,839.2663867867554,0.0,688.5426150621284,-32.38585610047218,-15.958236290294336,80.34384230813713,8.829917320295442
80584385.0,838.8776366610092,0.0,682.1288835514579,-17.500298176435997,-16.081848283816527,78.50937669230521,10.536609976448812
80584387.0,838.3449667695942,0.0,675.8083580750438,-12.872577727350034,-18.33369350236005,75.46826010280459,10.099996189841216
80584389.0,838.7418582549491,0.0,669.4925414424871,-29.853702376414777,-18.54678931677601,78.80495591442757,9.204582389431474
80584391.0,839.0641891914984,0.0,662.8950772686284,-24.55421723534875,-15.594200071355374,78.79036997406295,9.5532337541825
80584393.0,839.7223255333382,0.0,656.06276499948,-31.607466579998867,-16.97634393897812,86.56483405579941,9.038443292513456
80584395.0,839.4336396711466,0.0,650.1576431108698,-14.585111568068164,-18.0312678096704,77.78399616666844,10.18056614510967
80584397.0,839.6433069023846,0.0,643.4632931578175,-17.896815978595754,-16.662600530824932,80.47070638040243,9.744381587066552
80584399.0,839.4858087499913,0.0,636.9604809105671,-13.066818892981749,-18.98065472139996,79.23994561254992,9.966518012523036
80584401.0,839.4445063110226,0.0,630.7533653608492,-18.9069063079324,-17.85847224326217,78.0396809301011,9.670478694336804
80584403.0,839.7575959578086,0.0,624.0637743402416,-25.88575157729624,-16.555800065937717,85.13556213892724,9.838292179910308
80584405.0,839.8808032554898,800.0,617.9887401659864,-17.70267895275417,-19.280283788336448,74.34348895534899,9.17417310952262
80584407.0,839.6790732660718,788.3294682566942,611.2922597062558,-15.184914590889996,158.2739517517773,80.41447277113443,28.32790583099754
80584409.0,839.7005380043682,776.4587488994102,605.110675656988,-21.400054200283105,154.8349496343201,72.64007284121145,26.923824127048785
80584411.0,839.4161748113615,763.8412268874725,598.6605285852098,-16.81176337593758,158.248885764681,80.11475714294882,28.38487112035112
80584413.0,839.67403915566,751.8375811708327,592.1018011226438,-26.21478429108976,155.50245519312475,82.60723010617065,27.02242390864064
80584415.0,839.1042218022126,740.4941277324232,585.6729464610353,-13.473690761783685,157.08364007941466,78.51368558440448,28.370308313470044
80584417.0,839.24546014514,728.8576270956117,579.0997427240051,-21.355655263227117,160.12537398861457,78.7485205779437,27.276690542042004
80584419.0,839.3368585248363,717.1123507939035,572.4112438561472,-20.34347681406164,164.06381776746392,81.81233460897911,28.451706903264142
80584421.0,839.1573908937096,705.2950236125533,565.8485120831866,-16.338443574557964,155.86627942367863,78.40287032701255,27.85322758152985
80584423.0,839.2520461009819,693.1643075055532,559.0967093937855,-23.359229340552552,154.68738019188453,84.33484174168461,27.658931320556043
80584425.0,839.383437941168,680.5771527042415,552.4854539677625,-22.17500210235739,165.08973444239356,80.61664065760125,28.52118635968752
80584427.0,839.7231322405501,668.8529818957758,545.4539369455377,-29.086546841292463,153.3158330117366,82.38956258557123,27.335615044451277
80584429.0,840.0722206029151,656.0955926443345,538.441239246859,-28.4490902188659,164.18740743521994,87.2167422562212,28.280245718313367
80584431.0,840.4386441642956,644.2677245391307,531.7822612745082,-29.622508224718292,158.2953627835801,86.87858590481763,27.73605806171887
80584433.0,840.4427515523429,631.8936905656852,525.3750442022159,-23.19735502221404,164.74370580078676,81.92850163714728,28.27494904199253
80584435.0,840.7185375074873,619.69084775229,518.2667235384115,-24.577075986033368,170.858444058351,88.7686162582553,29.34111378284799
80584437.0,841.1732425309149,608.2472224823027,511.5865060623261,-29.72036547963836,151.39370346252758,84.80314159113962,26.77770922401752
80584439.0,841.4418686502624,595.5619102328499,505.2385714049556,-23.47889587292201,164.84637476585098,79.06181911477867,27.89945688978575
80584441.0,841.5911745825372,584.0533536131832,498.44055742491344,-22.187521657695846,156.5955241300978,80.92820373014823,27.392178114625647
80584443.0,841.8336807676527,571.8100291100484,492.4345447679858,-21.485892527745264,161.22934749477895,72.22007983819832,26.92321345451072
80584445.0,841.4910396480128,559.6473698340678,485.8935253248301,-12.06709935698644,161.88300203604916,78.48148579714525,28.34140744880211
80584447.0,841.5766862861476,548.027461785142,479.2508559333731,-20.47289878497783,161.67301906306537,80.60043808203449,27.613411711323717
80584449.0,841.4501146394242,535.9751576596095,472.9840638904464,-17.75827613916946,164.90729385574815,79.09701234265397,28.393417730540506
80584451.0,841.7943967521317,523.8217794674442,466.9655449600141,-22.42532682590324,157.21515654885766,77.58448117220402,26.569994869814124
80584453.0,841.5876072024878,511.7594178303107,460.6897219636857,-17.88974119938715,159.02810724678838,81.22520178853571,28.009272600959232
80584455.0,841.2940913364088,499.9146961718918,454.4052734219652,-16.22789674361396,162.75751408128747,73.6428222321667,27.937499538314608
80584457.0,841.1484183341591,488.2036983474108,447.5560285620427,-20.441063980981507,167.79353387132772,79.69266829031862,28.34073200937752
80584459.0,840.5643041354066,476.4683450203192,441.3288252375008,-11.359245061700502,164.91328046992632,78.85798225555337,28.908438776639887
80584461.0,840.5102142015171,464.1844783807432,435.56970786651846,-17.75993161615198,157.33538567800966,75.9261292690509,27.003631207479145
80584463.0,840.4265347029278,452.2343369236732,429.1047109868943,-19.214979555358127,154.74803661301098,84.0132971718277,27.84789520217422
80584465.0,840.404989910936,440.301272439212,422.5632162195666,-16.872052705067127,158.69679727856536,80.13926188873299,27.543526740459505
80584467.0,840.1794602115165,428.642176621756,415.8535288598914,-17.626005062664394,156.9295439069336,81.00364961462573,28.21578771791125
80584469.0,840.1896541957558,415.99142993054926,409.2315097680754,-15.691759489757992,169.40647396137322,77.63695423039535,28.26022425199143
80584471.0,839.9433042192315,404.4461770083748,402.7106111962605,-13.894453162090546,163.56072613880406,80.87443170320955,28.033186491472197
80584473.0,839.8230330492332,392.7218240246592,396.00455234562696,-19.695821552584427,164.91794235777792,92.03452237837983,29.0546617110962
80584475.0,840.2101164827044,380.9979379730016,389.83857595124914,-23.222895006059893,158.1558292071429,82.06281760945325,27.04338562231665
80584477.0,840.2119945998573,369.5510501061851,383.6968517975956,-20.393037693032632,161.3480182505701,68.59664940912326,26.88194783936958
80584479.0,839.8695452840698,357.448616223323,376.67290062987183,-10.534658501639,169.00027954490912,82.23423368259901,29.10820481190372
80584481.0,839.6101763762096,345.82625855133625,369.5999521405751,-14.423022110311042,161.8950655956064,87.39139999693532,29.07194471418331
80584483.0,839.8398107509678,334.31615140115576,362.7652330816984,-23.249993617939108,157.41892500898598,82.0138948410022,27.136718532610217
80584485.0,839.4073631782423,323.0324409755571,356.2782308331477,-13.827358119939714,156.98422242920986,77.89545186307934,27.814782786402013
80584487.0,839.7233957922302,310.46421512502667,349.70286100170347,-26.34814756710168,166.98714814761777,80.19952831346515,28.15076047257245
80584489.0,839.6920711704621,298.2464520749815,343.00839879404595,-21.4521547015986,161.98201272498088,80.1003393809745,27.902017126825
80584491.0,839.5441151574419,286.0239538664973,335.9972769217432,-17.026324801040612,167.13361079489167,90.61334311948777,29.1000872546595
80584493.0,839.5841671534333,273.96470985941903,329.3545981328181,-17.52379844105442,168.42232230265637,88.6506677119137,29.012216368536045
80584495.0,839.409936851045,261.95684399187314,323.1187444486624,-17.553568012318493,168.80592334253467,74.46133611119222,28.24922892014183
80584497.0,839.25915777124,250.12091270130105,316.2811748886823,-14.46007457464876,169.6472718559543,80.44203464895432,28.47088058003405
80584499.0,839.2777423244839,238.6661770698315,309.56231940820186,-18.995801897681545,163.75846820768191,84.99023817587077,28.35027396667005
80584501.0,838.8745838615927,226.69907430370787,303.0350428553109,-14.188395799991415,153.48448184983388,86.84567388960791,28.293003139204007
80584503.0,838.4976869355161,214.1816045386682,296.7286639367509,-9.417381942754664,161.55074560323186,79.97145249406172,28.43260438857829
80584505.0,838.781858723741,201.58164690906077,289.99707319165304,-26.73467481409627,170.468583522789,81.96481226186441,28.15137753097588
80584507.0,838.3335307654473,190.1474846390478,283.0809888923944,-11.611096257481975,163.31830939523027,85.97071627117765,28.90388104869806
80584509.0,838.0573262595658,178.34493721578343,276.6281634251701,-15.4464902490062,162.2894685406979,83.43812049185209,28.216272731175973
80584511.0,838.013815119998,166.29525258682511,270.1670040075476,-19.804581651794244,169.97058865069087,81.95667613445794,28.670879836481724
80584513.0,837.8432321154082,154.82063045549938,263.93323329957934,-13.04384694349524,153.3842507143996,79.4216948506038,27.01126600286064
80584515.0,837.7166642381031,142.52022285133407,257.66061862685666,-17.006722287664864,166.0815136500292,80.47942511415324,28.02779735260273
80584517.0,837.5100603262961,130.92874907138756,251.09735534974055,-17.83106900178273,160.34014259072475,80.81845844835952,28.332228173119955
80584519.0,837.5602720662823,118.41267033539296,244.75719985242625,-18.150080971396207,168.46332180487698,73.22497745271951,27.50731459012826
80584521.0,837.8770114337636,106.72075386398356,237.99865188583837,-26.20035312203787,162.69300254010477,81.5676464913373,27.53279342290137
80584525.0,838.3440481702938,82.39121616428848,225.2767936722336,-22.44750889500482,168.02872297209024,81.03301984551933,27.54723338709761
80584527.0,837.9762126694043,,218.65369336233852,-15.381648919204547,,85.36513573480276,27.723793224359444
80584529.0,,59.87189243466345,212.2157312537116,,163.8951578753595,86.3392927053237,28.250888280046706
80584531.0,838.2641815458059,47.87764742856989,,-21.53497953562289,169.26767406323404,,27.74640274928792
80584533.0,838.5977363365731,36.87714694794088,199.77652861161573,-26.38914219468024,161.64705668542734,76.14910897732834,26.330887717860957
80584535.0,838.4899104876038,25.17630359690673,193.54139964415697,-20.758153626907827,160.96073473067298,80.89232654112887,27.67327406646567
80584537.0,838.4066506928427,13.257737055815117,186.73677592685016,-17.358220412314807,162.20436415330866,84.38215998854774,28.467169709225853
80584541.0,838.4445582063931,0.0,173.09142334654624,-18.4127476146012,-12.963276654203677,83.12274011548483,9.943818034511692
80584543.0,838.3897014129548,0.0,166.27924255622816,-18.191277403828813,-14.862068772759145,86.75840984659649,10.513043235561726
80584545.0,838.9644410804949,,159.00639704912575,-29.96473022681142,,91.96788541479536,10.019534010130466
80584547.0,,0.0,152.46674450946816,,-16.01215692625007,83.71413054114224,9.51666552371367
80584549.0,839.268120685019,0.0,,-19.736189329761,-17.96687735936247,,10.008881826162304
80584551.0,839.4682584456051,0.0,139.67995897496047,-22.574668249151458,-14.468341300754474,84.48871784019589,9.909189639202562
80584553.0,839.6140031784038,0.0,133.16077407014816,-22.12166164549686,-14.02275859747553,82.22399110445488,9.505974699750809
80584555.0,839.5956410330706,0.0,126.65142711801936,-21.69482108665668,-16.428187351163245,83.32396619076,10.13521084709623
80584559.0,839.5056210976746,0.0,112.7969621144421,-18.020511768768262,-16.336986390467928,84.12174517663756,10.138768330819897
80584561.0,839.8710981747723,0.0,106.1597925010496,-26.569517037853004,-15.208307531265008,88.19593397085187,9.690501051212244
80584563.0,839.6532162638483,,100.25909958563828,-17.799980350156105,,79.26316055874487,9.583999879547454
80584565.0,,0.0,93.60073233591191,,-14.790349137636468,87.12200846416985,11.31966983921147
80584567.0,838.9970888116436,0.0,,-18.157086574759507,-17.29472905477094,,10.058048963001983
80584569.0,838.6276386237832,0.0,80.04059867034864,-17.747653260231882,-15.106959522666614,89.14246843483178,10.889366007608686
80584571.0,838.9010350204026,0.0,73.44189205088169,-21.4960493713173,-17.446051773267683,90.63666570375744,9.94406092779387
80584573.0,839.341160958252,0.0,67.08308605876874,-24.74286241897963,-15.346705672976896,87.1912278253601,9.496555835393728
80584575.0,839.5963162555115,800.0,61.09331868849184,-19.806966442376574,-23.786646874598816,81.48967989916765,8.90154815502395
80584577.0,839.0736418815487,787.2938220763092,55.15735037733136,-10.014523395902938,163.38530683559242,82.0043067480938,28.749887744560866
80584579.0,839.0650043691983,775.444172470396,48.84605755961336,-19.76636465345944,164.62876147500754,83.22629582628811,28.074543941790623
80584581.0,838.6530316427556,763.9807888055203,42.00163070591999,-14.059220229656107,159.81558223795287,92.09113699108566,29.07163475766289
80584585.0,838.6618146990667,740.6953933606129,27.913539951794384,-19.244577490148075,160.30934773592656,91.91184147383365,28.33052994554763
80584587.0,838.7334659659799,729.046117755516,21.971722266683948,-21.71040468201847,161.29340945957188,82.23825535588915,27.80003948942617
80584589.0,838.5972885028226,,15.496349770782338,-20.24569609232504,,81.53602779703444,28.56262005929824
80584591.0,,704.363901488494,8.64542143412689,,166.56568853223558,91.6374018982656,28.357648013104253
80584593.0,838.6447994624284,693.1368367967235,,-16.00365651584268,156.07764626214708,,17.929361684955936
80584595.0,838.7703244016609,681.7817115299996,0.0,-20.54611879802185,155.9150172713233,-17.02817745075953,17.38882203139701
80584597.0,838.541798338192,669.9768539376751,0.0,-15.173115648321126,161.4486703911324,-17.958454664775374,18.122382459016105
80584599.0,838.4276428936095,658.459017229204,0.0,-18.849024057378497,161.64577727591288,-19.01823002321549,18.49379787963461
